dataset,dataset_slug,query_id,num_relevant_docs,num_judged_docs
SciFact,scifact,1,1,1
SciFact,scifact,3,1,1
SciFact,scifact,5,1,1
SciFact,scifact,13,1,1
SciFact,scifact,36,2,2
SciFact,scifact,42,1,1
SciFact,scifact,48,1,1
SciFact,scifact,49,1,1
SciFact,scifact,50,1,1
SciFact,scifact,51,1,1
SciFact,scifact,53,1,1
SciFact,scifact,54,1,1
SciFact,scifact,56,1,1
SciFact,scifact,57,1,1
SciFact,scifact,70,2,2
SciFact,scifact,72,1,1
SciFact,scifact,75,1,1
SciFact,scifact,94,1,1
SciFact,scifact,99,1,1
SciFact,scifact,100,1,1
SciFact,scifact,113,1,1
SciFact,scifact,115,1,1
SciFact,scifact,118,1,1
SciFact,scifact,124,1,1
SciFact,scifact,127,1,1
SciFact,scifact,128,1,1
SciFact,scifact,129,1,1
SciFact,scifact,130,1,1
SciFact,scifact,132,1,1
SciFact,scifact,133,5,5
SciFact,scifact,137,1,1
SciFact,scifact,141,2,2
SciFact,scifact,142,1,1
SciFact,scifact,143,1,1
SciFact,scifact,146,1,1
SciFact,scifact,148,1,1
SciFact,scifact,163,1,1
SciFact,scifact,171,1,1
SciFact,scifact,179,4,4
SciFact,scifact,180,1,1
SciFact,scifact,183,1,1
SciFact,scifact,185,1,1
SciFact,scifact,198,1,1
SciFact,scifact,208,1,1
SciFact,scifact,212,1,1
SciFact,scifact,213,1,1
SciFact,scifact,216,1,1
SciFact,scifact,217,1,1
SciFact,scifact,218,1,1
SciFact,scifact,219,1,1
SciFact,scifact,230,1,1
SciFact,scifact,232,1,1
SciFact,scifact,233,1,1
SciFact,scifact,236,1,1
SciFact,scifact,237,1,1
SciFact,scifact,238,1,1
SciFact,scifact,239,1,1
SciFact,scifact,248,1,1
SciFact,scifact,249,1,1
SciFact,scifact,261,2,2
SciFact,scifact,268,1,1
SciFact,scifact,269,1,1
SciFact,scifact,274,1,1
SciFact,scifact,275,3,3
SciFact,scifact,279,1,1
SciFact,scifact,294,1,1
SciFact,scifact,295,1,1
SciFact,scifact,298,1,1
SciFact,scifact,300,1,1
SciFact,scifact,303,1,1
SciFact,scifact,312,1,1
SciFact,scifact,314,1,1
SciFact,scifact,324,1,1
SciFact,scifact,327,1,1
SciFact,scifact,338,1,1
SciFact,scifact,343,2,2
SciFact,scifact,350,1,1
SciFact,scifact,354,1,1
SciFact,scifact,362,1,1
SciFact,scifact,380,1,1
SciFact,scifact,384,1,1
SciFact,scifact,385,2,2
SciFact,scifact,386,1,1
SciFact,scifact,388,1,1
SciFact,scifact,399,1,1
SciFact,scifact,410,1,1
SciFact,scifact,411,1,1
SciFact,scifact,415,1,1
SciFact,scifact,421,1,1
SciFact,scifact,431,1,1
SciFact,scifact,436,1,1
SciFact,scifact,437,1,1
SciFact,scifact,439,1,1
SciFact,scifact,440,1,1
SciFact,scifact,443,1,1
SciFact,scifact,452,2,2
SciFact,scifact,475,1,1
SciFact,scifact,478,1,1
SciFact,scifact,491,1,1
SciFact,scifact,501,1,1
SciFact,scifact,502,1,1
SciFact,scifact,507,1,1
SciFact,scifact,508,1,1
SciFact,scifact,513,1,1
SciFact,scifact,514,1,1
SciFact,scifact,516,1,1
SciFact,scifact,517,1,1
SciFact,scifact,521,1,1
SciFact,scifact,525,1,1
SciFact,scifact,527,1,1
SciFact,scifact,528,1,1
SciFact,scifact,532,1,1
SciFact,scifact,533,1,1
SciFact,scifact,535,1,1
SciFact,scifact,536,1,1
SciFact,scifact,539,1,1
SciFact,scifact,540,2,2
SciFact,scifact,544,1,1
SciFact,scifact,549,1,1
SciFact,scifact,551,1,1
SciFact,scifact,552,1,1
SciFact,scifact,554,1,1
SciFact,scifact,560,1,1
SciFact,scifact,569,1,1
SciFact,scifact,575,1,1
SciFact,scifact,577,1,1
SciFact,scifact,578,1,1
SciFact,scifact,587,1,1
SciFact,scifact,589,1,1
SciFact,scifact,593,1,1
SciFact,scifact,597,3,3
SciFact,scifact,598,1,1
SciFact,scifact,613,1,1
SciFact,scifact,619,2,2
SciFact,scifact,623,1,1
SciFact,scifact,628,1,1
SciFact,scifact,636,1,1
SciFact,scifact,637,1,1
SciFact,scifact,641,2,2
SciFact,scifact,644,1,1
SciFact,scifact,649,1,1
SciFact,scifact,659,1,1
SciFact,scifact,660,1,1
SciFact,scifact,674,1,1
SciFact,scifact,684,1,1
SciFact,scifact,690,1,1
SciFact,scifact,691,1,1
SciFact,scifact,692,1,1
SciFact,scifact,693,1,1
SciFact,scifact,700,1,1
SciFact,scifact,702,1,1
SciFact,scifact,715,1,1
SciFact,scifact,716,1,1
SciFact,scifact,718,1,1
SciFact,scifact,721,1,1
SciFact,scifact,723,1,1
SciFact,scifact,727,1,1
SciFact,scifact,728,2,2
SciFact,scifact,729,1,1
SciFact,scifact,742,1,1
SciFact,scifact,743,1,1
SciFact,scifact,744,1,1
SciFact,scifact,756,1,1
SciFact,scifact,759,1,1
SciFact,scifact,768,1,1
SciFact,scifact,770,1,1
SciFact,scifact,775,1,1
SciFact,scifact,781,1,1
SciFact,scifact,783,1,1
SciFact,scifact,784,1,1
SciFact,scifact,785,1,1
SciFact,scifact,793,1,1
SciFact,scifact,800,1,1
SciFact,scifact,805,1,1
SciFact,scifact,808,1,1
SciFact,scifact,811,1,1
SciFact,scifact,814,1,1
SciFact,scifact,820,1,1
SciFact,scifact,821,1,1
SciFact,scifact,823,1,1
SciFact,scifact,830,1,1
SciFact,scifact,831,1,1
SciFact,scifact,832,1,1
SciFact,scifact,834,1,1
SciFact,scifact,837,1,1
SciFact,scifact,839,1,1
SciFact,scifact,845,1,1
SciFact,scifact,847,1,1
SciFact,scifact,852,1,1
SciFact,scifact,859,1,1
SciFact,scifact,870,1,1
SciFact,scifact,873,5,5
SciFact,scifact,879,1,1
SciFact,scifact,880,1,1
SciFact,scifact,882,1,1
SciFact,scifact,887,1,1
SciFact,scifact,903,1,1
SciFact,scifact,904,1,1
SciFact,scifact,907,1,1
SciFact,scifact,911,1,1
SciFact,scifact,913,1,1
SciFact,scifact,914,1,1
SciFact,scifact,921,1,1
SciFact,scifact,922,1,1
SciFact,scifact,936,1,1
SciFact,scifact,956,1,1
SciFact,scifact,957,1,1
SciFact,scifact,960,1,1
SciFact,scifact,967,2,2
SciFact,scifact,971,4,4
SciFact,scifact,975,1,1
SciFact,scifact,982,1,1
SciFact,scifact,985,1,1
SciFact,scifact,993,1,1
SciFact,scifact,1012,1,1
SciFact,scifact,1014,1,1
SciFact,scifact,1019,1,1
SciFact,scifact,1020,1,1
SciFact,scifact,1021,1,1
SciFact,scifact,1024,1,1
SciFact,scifact,1029,3,3
SciFact,scifact,1041,2,2
SciFact,scifact,1049,1,1
SciFact,scifact,1062,1,1
SciFact,scifact,1086,1,1
SciFact,scifact,1088,1,1
SciFact,scifact,1089,1,1
SciFact,scifact,1099,1,1
SciFact,scifact,1100,1,1
SciFact,scifact,1104,1,1
SciFact,scifact,1107,1,1
SciFact,scifact,1110,1,1
SciFact,scifact,1121,1,1
SciFact,scifact,1130,1,1
SciFact,scifact,1132,2,2
SciFact,scifact,1137,1,1
SciFact,scifact,1140,1,1
SciFact,scifact,1144,1,1
SciFact,scifact,1146,1,1
SciFact,scifact,1150,1,1
SciFact,scifact,1163,1,1
SciFact,scifact,1175,1,1
SciFact,scifact,1179,1,1
SciFact,scifact,1180,1,1
SciFact,scifact,1185,1,1
SciFact,scifact,1187,1,1
SciFact,scifact,1191,1,1
SciFact,scifact,1194,1,1
SciFact,scifact,1196,1,1
SciFact,scifact,1197,1,1
SciFact,scifact,1199,1,1
SciFact,scifact,1200,1,1
SciFact,scifact,1202,1,1
SciFact,scifact,1204,1,1
SciFact,scifact,1207,1,1
SciFact,scifact,1213,1,1
SciFact,scifact,1216,1,1
SciFact,scifact,1221,1,1
SciFact,scifact,1225,1,1
SciFact,scifact,1226,1,1
SciFact,scifact,1232,1,1
SciFact,scifact,1241,1,1
SciFact,scifact,1245,1,1
SciFact,scifact,1259,1,1
SciFact,scifact,1262,1,1
SciFact,scifact,1266,1,1
SciFact,scifact,1270,1,1
SciFact,scifact,1271,1,1
SciFact,scifact,1272,1,1
SciFact,scifact,1273,1,1
SciFact,scifact,1274,3,3
SciFact,scifact,1278,1,1
SciFact,scifact,1279,1,1
SciFact,scifact,1280,1,1
SciFact,scifact,1281,1,1
SciFact,scifact,1282,1,1
SciFact,scifact,1290,1,1
SciFact,scifact,1292,1,1
SciFact,scifact,1298,1,1
SciFact,scifact,1303,1,1
SciFact,scifact,1316,1,1
SciFact,scifact,1319,1,1
SciFact,scifact,1320,1,1
SciFact,scifact,1332,1,1
SciFact,scifact,1335,1,1
SciFact,scifact,1336,1,1
SciFact,scifact,1337,1,1
SciFact,scifact,1339,1,1
SciFact,scifact,1344,1,1
SciFact,scifact,1352,1,1
SciFact,scifact,1359,1,1
SciFact,scifact,1362,1,1
SciFact,scifact,1363,1,1
SciFact,scifact,1368,1,1
SciFact,scifact,1370,1,1
SciFact,scifact,1379,4,4
SciFact,scifact,1382,1,1
SciFact,scifact,1385,1,1
SciFact,scifact,1389,1,1
SciFact,scifact,1395,1,1
TREC-COVID,trec_covid,1,637,1565
TREC-COVID,trec_covid,2,314,1251
TREC-COVID,trec_covid,3,628,1649
TREC-COVID,trec_covid,4,529,1793
TREC-COVID,trec_covid,5,614,1643
TREC-COVID,trec_covid,6,959,1562
TREC-COVID,trec_covid,7,481,1331
TREC-COVID,trec_covid,8,632,1837
TREC-COVID,trec_covid,9,191,1606
TREC-COVID,trec_covid,10,475,1100
TREC-COVID,trec_covid,11,415,1745
TREC-COVID,trec_covid,12,616,1573
TREC-COVID,trec_covid,13,867,1822
TREC-COVID,trec_covid,14,255,1262
TREC-COVID,trec_covid,15,423,1941
TREC-COVID,trec_covid,16,387,1600
TREC-COVID,trec_covid,17,668,1298
TREC-COVID,trec_covid,18,628,1267
TREC-COVID,trec_covid,19,111,1449
TREC-COVID,trec_covid,20,702,1177
TREC-COVID,trec_covid,21,630,1571
TREC-COVID,trec_covid,22,546,1270
TREC-COVID,trec_covid,23,371,1245
TREC-COVID,trec_covid,24,404,1194
TREC-COVID,trec_covid,25,529,1536
TREC-COVID,trec_covid,26,778,1657
TREC-COVID,trec_covid,27,849,1421
TREC-COVID,trec_covid,28,551,1032
TREC-COVID,trec_covid,29,604,1188
TREC-COVID,trec_covid,30,370,991
TREC-COVID,trec_covid,31,353,1656
TREC-COVID,trec_covid,32,216,1540
TREC-COVID,trec_covid,33,281,1221
TREC-COVID,trec_covid,34,172,1768
TREC-COVID,trec_covid,35,218,1316
TREC-COVID,trec_covid,36,611,1147
TREC-COVID,trec_covid,37,450,1144
TREC-COVID,trec_covid,38,1266,1795
TREC-COVID,trec_covid,39,860,1135
TREC-COVID,trec_covid,40,556,1172
TREC-COVID,trec_covid,41,311,972
TREC-COVID,trec_covid,42,243,707
TREC-COVID,trec_covid,43,253,801
TREC-COVID,trec_covid,44,483,1139
TREC-COVID,trec_covid,45,806,1067
TREC-COVID,trec_covid,46,182,631
TREC-COVID,trec_covid,47,420,979
TREC-COVID,trec_covid,48,444,696
TREC-COVID,trec_covid,49,247,1036
TREC-COVID,trec_covid,50,137,838
NF-Corpus,nfcorpus,PLAIN-2,24,24
NF-Corpus,nfcorpus,PLAIN-12,30,30
NF-Corpus,nfcorpus,PLAIN-23,90,90
NF-Corpus,nfcorpus,PLAIN-33,32,32
NF-Corpus,nfcorpus,PLAIN-44,58,58
NF-Corpus,nfcorpus,PLAIN-56,50,50
NF-Corpus,nfcorpus,PLAIN-68,55,55
NF-Corpus,nfcorpus,PLAIN-78,62,62
NF-Corpus,nfcorpus,PLAIN-91,64,64
NF-Corpus,nfcorpus,PLAIN-102,24,24
NF-Corpus,nfcorpus,PLAIN-112,56,56
NF-Corpus,nfcorpus,PLAIN-123,51,51
NF-Corpus,nfcorpus,PLAIN-133,36,36
NF-Corpus,nfcorpus,PLAIN-143,51,51
NF-Corpus,nfcorpus,PLAIN-153,47,47
NF-Corpus,nfcorpus,PLAIN-165,36,36
NF-Corpus,nfcorpus,PLAIN-175,37,37
NF-Corpus,nfcorpus,PLAIN-186,24,24
NF-Corpus,nfcorpus,PLAIN-196,69,69
NF-Corpus,nfcorpus,PLAIN-207,55,55
NF-Corpus,nfcorpus,PLAIN-217,36,36
NF-Corpus,nfcorpus,PLAIN-227,40,40
NF-Corpus,nfcorpus,PLAIN-238,54,54
NF-Corpus,nfcorpus,PLAIN-248,31,31
NF-Corpus,nfcorpus,PLAIN-259,14,14
NF-Corpus,nfcorpus,PLAIN-270,52,52
NF-Corpus,nfcorpus,PLAIN-280,20,20
NF-Corpus,nfcorpus,PLAIN-291,13,13
NF-Corpus,nfcorpus,PLAIN-307,3,3
NF-Corpus,nfcorpus,PLAIN-320,42,42
NF-Corpus,nfcorpus,PLAIN-332,2,2
NF-Corpus,nfcorpus,PLAIN-344,61,61
NF-Corpus,nfcorpus,PLAIN-358,3,3
NF-Corpus,nfcorpus,PLAIN-371,2,2
NF-Corpus,nfcorpus,PLAIN-383,5,5
NF-Corpus,nfcorpus,PLAIN-395,3,3
NF-Corpus,nfcorpus,PLAIN-407,3,3
NF-Corpus,nfcorpus,PLAIN-418,3,3
NF-Corpus,nfcorpus,PLAIN-430,8,8
NF-Corpus,nfcorpus,PLAIN-441,5,5
NF-Corpus,nfcorpus,PLAIN-457,5,5
NF-Corpus,nfcorpus,PLAIN-468,10,10
NF-Corpus,nfcorpus,PLAIN-478,1,1
NF-Corpus,nfcorpus,PLAIN-488,15,15
NF-Corpus,nfcorpus,PLAIN-499,34,34
NF-Corpus,nfcorpus,PLAIN-510,6,6
NF-Corpus,nfcorpus,PLAIN-520,1,1
NF-Corpus,nfcorpus,PLAIN-531,308,308
NF-Corpus,nfcorpus,PLAIN-541,6,6
NF-Corpus,nfcorpus,PLAIN-551,2,2
NF-Corpus,nfcorpus,PLAIN-561,25,25
NF-Corpus,nfcorpus,PLAIN-571,7,7
NF-Corpus,nfcorpus,PLAIN-583,44,44
NF-Corpus,nfcorpus,PLAIN-593,3,3
NF-Corpus,nfcorpus,PLAIN-603,1,1
NF-Corpus,nfcorpus,PLAIN-613,10,10
NF-Corpus,nfcorpus,PLAIN-623,41,41
NF-Corpus,nfcorpus,PLAIN-634,21,21
NF-Corpus,nfcorpus,PLAIN-645,29,29
NF-Corpus,nfcorpus,PLAIN-660,475,475
NF-Corpus,nfcorpus,PLAIN-671,1,1
NF-Corpus,nfcorpus,PLAIN-681,1,1
NF-Corpus,nfcorpus,PLAIN-691,21,21
NF-Corpus,nfcorpus,PLAIN-701,8,8
NF-Corpus,nfcorpus,PLAIN-711,57,57
NF-Corpus,nfcorpus,PLAIN-721,25,25
NF-Corpus,nfcorpus,PLAIN-731,54,54
NF-Corpus,nfcorpus,PLAIN-741,19,19
NF-Corpus,nfcorpus,PLAIN-751,7,7
NF-Corpus,nfcorpus,PLAIN-761,6,6
NF-Corpus,nfcorpus,PLAIN-771,3,3
NF-Corpus,nfcorpus,PLAIN-782,2,2
NF-Corpus,nfcorpus,PLAIN-792,6,6
NF-Corpus,nfcorpus,PLAIN-806,96,96
NF-Corpus,nfcorpus,PLAIN-817,1,1
NF-Corpus,nfcorpus,PLAIN-827,244,244
NF-Corpus,nfcorpus,PLAIN-838,9,9
NF-Corpus,nfcorpus,PLAIN-850,57,57
NF-Corpus,nfcorpus,PLAIN-872,1,1
NF-Corpus,nfcorpus,PLAIN-882,15,15
NF-Corpus,nfcorpus,PLAIN-892,92,92
NF-Corpus,nfcorpus,PLAIN-902,4,4
NF-Corpus,nfcorpus,PLAIN-913,34,34
NF-Corpus,nfcorpus,PLAIN-924,32,32
NF-Corpus,nfcorpus,PLAIN-934,101,101
NF-Corpus,nfcorpus,PLAIN-946,31,31
NF-Corpus,nfcorpus,PLAIN-956,206,206
NF-Corpus,nfcorpus,PLAIN-966,3,3
NF-Corpus,nfcorpus,PLAIN-977,3,3
NF-Corpus,nfcorpus,PLAIN-987,3,3
NF-Corpus,nfcorpus,PLAIN-997,2,2
NF-Corpus,nfcorpus,PLAIN-1008,5,5
NF-Corpus,nfcorpus,PLAIN-1018,60,60
NF-Corpus,nfcorpus,PLAIN-1028,1,1
NF-Corpus,nfcorpus,PLAIN-1039,2,2
NF-Corpus,nfcorpus,PLAIN-1050,94,94
NF-Corpus,nfcorpus,PLAIN-1066,9,9
NF-Corpus,nfcorpus,PLAIN-1088,5,5
NF-Corpus,nfcorpus,PLAIN-1098,5,5
NF-Corpus,nfcorpus,PLAIN-1109,98,98
NF-Corpus,nfcorpus,PLAIN-1119,11,11
NF-Corpus,nfcorpus,PLAIN-1130,1,1
NF-Corpus,nfcorpus,PLAIN-1141,16,16
NF-Corpus,nfcorpus,PLAIN-1151,153,153
NF-Corpus,nfcorpus,PLAIN-1161,1,1
NF-Corpus,nfcorpus,PLAIN-1172,19,19
NF-Corpus,nfcorpus,PLAIN-1183,25,25
NF-Corpus,nfcorpus,PLAIN-1193,18,18
NF-Corpus,nfcorpus,PLAIN-1203,12,12
NF-Corpus,nfcorpus,PLAIN-1214,17,17
NF-Corpus,nfcorpus,PLAIN-1225,27,27
NF-Corpus,nfcorpus,PLAIN-1236,5,5
NF-Corpus,nfcorpus,PLAIN-1249,4,4
NF-Corpus,nfcorpus,PLAIN-1262,10,10
NF-Corpus,nfcorpus,PLAIN-1275,55,55
NF-Corpus,nfcorpus,PLAIN-1288,196,196
NF-Corpus,nfcorpus,PLAIN-1299,61,61
NF-Corpus,nfcorpus,PLAIN-1309,4,4
NF-Corpus,nfcorpus,PLAIN-1320,6,6
NF-Corpus,nfcorpus,PLAIN-1331,1,1
NF-Corpus,nfcorpus,PLAIN-1342,16,16
NF-Corpus,nfcorpus,PLAIN-1353,4,4
NF-Corpus,nfcorpus,PLAIN-1363,11,11
NF-Corpus,nfcorpus,PLAIN-1374,26,26
NF-Corpus,nfcorpus,PLAIN-1387,12,12
NF-Corpus,nfcorpus,PLAIN-1398,103,103
NF-Corpus,nfcorpus,PLAIN-1409,253,253
NF-Corpus,nfcorpus,PLAIN-1419,65,65
NF-Corpus,nfcorpus,PLAIN-1429,6,6
NF-Corpus,nfcorpus,PLAIN-1441,186,186
NF-Corpus,nfcorpus,PLAIN-1453,245,245
NF-Corpus,nfcorpus,PLAIN-1463,24,24
NF-Corpus,nfcorpus,PLAIN-1473,1,1
NF-Corpus,nfcorpus,PLAIN-1485,54,54
NF-Corpus,nfcorpus,PLAIN-1496,1,1
NF-Corpus,nfcorpus,PLAIN-1506,15,15
NF-Corpus,nfcorpus,PLAIN-1516,2,2
NF-Corpus,nfcorpus,PLAIN-1527,202,202
NF-Corpus,nfcorpus,PLAIN-1537,45,45
NF-Corpus,nfcorpus,PLAIN-1547,6,6
NF-Corpus,nfcorpus,PLAIN-1557,26,26
NF-Corpus,nfcorpus,PLAIN-1568,2,2
NF-Corpus,nfcorpus,PLAIN-1579,5,5
NF-Corpus,nfcorpus,PLAIN-1590,18,18
NF-Corpus,nfcorpus,PLAIN-1601,74,74
NF-Corpus,nfcorpus,PLAIN-1611,6,6
NF-Corpus,nfcorpus,PLAIN-1621,4,4
NF-Corpus,nfcorpus,PLAIN-1635,431,431
NF-Corpus,nfcorpus,PLAIN-1645,6,6
NF-Corpus,nfcorpus,PLAIN-1656,28,28
NF-Corpus,nfcorpus,PLAIN-1667,159,159
NF-Corpus,nfcorpus,PLAIN-1679,1,1
NF-Corpus,nfcorpus,PLAIN-1690,4,4
NF-Corpus,nfcorpus,PLAIN-1700,5,5
NF-Corpus,nfcorpus,PLAIN-1710,16,16
NF-Corpus,nfcorpus,PLAIN-1721,31,31
NF-Corpus,nfcorpus,PLAIN-1731,3,3
NF-Corpus,nfcorpus,PLAIN-1741,420,420
NF-Corpus,nfcorpus,PLAIN-1752,1,1
NF-Corpus,nfcorpus,PLAIN-1762,8,8
NF-Corpus,nfcorpus,PLAIN-1772,2,2
NF-Corpus,nfcorpus,PLAIN-1784,2,2
NF-Corpus,nfcorpus,PLAIN-1794,2,2
NF-Corpus,nfcorpus,PLAIN-1805,116,116
NF-Corpus,nfcorpus,PLAIN-1817,27,27
NF-Corpus,nfcorpus,PLAIN-1827,3,3
NF-Corpus,nfcorpus,PLAIN-1837,196,196
NF-Corpus,nfcorpus,PLAIN-1847,11,11
NF-Corpus,nfcorpus,PLAIN-1857,33,33
NF-Corpus,nfcorpus,PLAIN-1867,7,7
NF-Corpus,nfcorpus,PLAIN-1877,36,36
NF-Corpus,nfcorpus,PLAIN-1887,4,4
NF-Corpus,nfcorpus,PLAIN-1897,2,2
NF-Corpus,nfcorpus,PLAIN-1909,463,463
NF-Corpus,nfcorpus,PLAIN-1919,27,27
NF-Corpus,nfcorpus,PLAIN-1929,10,10
NF-Corpus,nfcorpus,PLAIN-1940,12,12
NF-Corpus,nfcorpus,PLAIN-1950,13,13
NF-Corpus,nfcorpus,PLAIN-1962,13,13
NF-Corpus,nfcorpus,PLAIN-1972,11,11
NF-Corpus,nfcorpus,PLAIN-1983,32,32
NF-Corpus,nfcorpus,PLAIN-1995,11,11
NF-Corpus,nfcorpus,PLAIN-2009,8,8
NF-Corpus,nfcorpus,PLAIN-2019,3,3
NF-Corpus,nfcorpus,PLAIN-2030,6,6
NF-Corpus,nfcorpus,PLAIN-2040,132,132
NF-Corpus,nfcorpus,PLAIN-2051,355,355
NF-Corpus,nfcorpus,PLAIN-2061,410,410
NF-Corpus,nfcorpus,PLAIN-2071,45,45
NF-Corpus,nfcorpus,PLAIN-2081,1,1
NF-Corpus,nfcorpus,PLAIN-2092,10,10
NF-Corpus,nfcorpus,PLAIN-2102,421,421
NF-Corpus,nfcorpus,PLAIN-2113,1,1
NF-Corpus,nfcorpus,PLAIN-2124,17,17
NF-Corpus,nfcorpus,PLAIN-2134,12,12
NF-Corpus,nfcorpus,PLAIN-2145,9,9
NF-Corpus,nfcorpus,PLAIN-2156,6,6
NF-Corpus,nfcorpus,PLAIN-2167,1,1
NF-Corpus,nfcorpus,PLAIN-2177,24,24
NF-Corpus,nfcorpus,PLAIN-2187,9,9
NF-Corpus,nfcorpus,PLAIN-2197,58,58
NF-Corpus,nfcorpus,PLAIN-2209,2,2
NF-Corpus,nfcorpus,PLAIN-2220,9,9
NF-Corpus,nfcorpus,PLAIN-2230,7,7
NF-Corpus,nfcorpus,PLAIN-2240,11,11
NF-Corpus,nfcorpus,PLAIN-2250,2,2
NF-Corpus,nfcorpus,PLAIN-2261,60,60
NF-Corpus,nfcorpus,PLAIN-2271,10,10
NF-Corpus,nfcorpus,PLAIN-2281,1,1
NF-Corpus,nfcorpus,PLAIN-2291,5,5
NF-Corpus,nfcorpus,PLAIN-2301,13,13
NF-Corpus,nfcorpus,PLAIN-2311,2,2
NF-Corpus,nfcorpus,PLAIN-2321,5,5
NF-Corpus,nfcorpus,PLAIN-2332,97,97
NF-Corpus,nfcorpus,PLAIN-2343,2,2
NF-Corpus,nfcorpus,PLAIN-2354,5,5
NF-Corpus,nfcorpus,PLAIN-2364,15,15
NF-Corpus,nfcorpus,PLAIN-2375,2,2
NF-Corpus,nfcorpus,PLAIN-2386,19,19
NF-Corpus,nfcorpus,PLAIN-2396,18,18
NF-Corpus,nfcorpus,PLAIN-2408,5,5
NF-Corpus,nfcorpus,PLAIN-2430,46,46
NF-Corpus,nfcorpus,PLAIN-2440,21,21
NF-Corpus,nfcorpus,PLAIN-2450,38,38
NF-Corpus,nfcorpus,PLAIN-2460,31,31
NF-Corpus,nfcorpus,PLAIN-2470,73,73
NF-Corpus,nfcorpus,PLAIN-2480,18,18
NF-Corpus,nfcorpus,PLAIN-2490,23,23
NF-Corpus,nfcorpus,PLAIN-2500,7,7
NF-Corpus,nfcorpus,PLAIN-2510,46,46
NF-Corpus,nfcorpus,PLAIN-2520,73,73
NF-Corpus,nfcorpus,PLAIN-2530,72,72
NF-Corpus,nfcorpus,PLAIN-2540,21,21
NF-Corpus,nfcorpus,PLAIN-2550,25,25
NF-Corpus,nfcorpus,PLAIN-2560,21,21
NF-Corpus,nfcorpus,PLAIN-2570,40,40
NF-Corpus,nfcorpus,PLAIN-2580,23,23
NF-Corpus,nfcorpus,PLAIN-2590,63,63
NF-Corpus,nfcorpus,PLAIN-2600,10,10
NF-Corpus,nfcorpus,PLAIN-2610,61,61
NF-Corpus,nfcorpus,PLAIN-2620,55,55
NF-Corpus,nfcorpus,PLAIN-2630,48,48
NF-Corpus,nfcorpus,PLAIN-2640,48,48
NF-Corpus,nfcorpus,PLAIN-2650,29,29
NF-Corpus,nfcorpus,PLAIN-2660,27,27
NF-Corpus,nfcorpus,PLAIN-2670,35,35
NF-Corpus,nfcorpus,PLAIN-2680,14,14
NF-Corpus,nfcorpus,PLAIN-2690,43,43
NF-Corpus,nfcorpus,PLAIN-2700,10,10
NF-Corpus,nfcorpus,PLAIN-2710,21,21
NF-Corpus,nfcorpus,PLAIN-2720,36,36
NF-Corpus,nfcorpus,PLAIN-2730,29,29
NF-Corpus,nfcorpus,PLAIN-2740,50,50
NF-Corpus,nfcorpus,PLAIN-2750,59,59
NF-Corpus,nfcorpus,PLAIN-2760,8,8
NF-Corpus,nfcorpus,PLAIN-2770,41,41
NF-Corpus,nfcorpus,PLAIN-2780,22,22
NF-Corpus,nfcorpus,PLAIN-2790,59,59
NF-Corpus,nfcorpus,PLAIN-2800,24,24
NF-Corpus,nfcorpus,PLAIN-2810,8,8
NF-Corpus,nfcorpus,PLAIN-2820,8,8
NF-Corpus,nfcorpus,PLAIN-2830,3,3
NF-Corpus,nfcorpus,PLAIN-2840,17,17
NF-Corpus,nfcorpus,PLAIN-2850,9,9
NF-Corpus,nfcorpus,PLAIN-2860,2,2
NF-Corpus,nfcorpus,PLAIN-2870,5,5
NF-Corpus,nfcorpus,PLAIN-2880,17,17
NF-Corpus,nfcorpus,PLAIN-2890,29,29
NF-Corpus,nfcorpus,PLAIN-2900,12,12
NF-Corpus,nfcorpus,PLAIN-2910,15,15
NF-Corpus,nfcorpus,PLAIN-2920,7,7
NF-Corpus,nfcorpus,PLAIN-2930,14,14
NF-Corpus,nfcorpus,PLAIN-2940,22,22
NF-Corpus,nfcorpus,PLAIN-2950,2,2
NF-Corpus,nfcorpus,PLAIN-2960,2,2
NF-Corpus,nfcorpus,PLAIN-2970,9,9
NF-Corpus,nfcorpus,PLAIN-2981,7,7
NF-Corpus,nfcorpus,PLAIN-2991,2,2
NF-Corpus,nfcorpus,PLAIN-3001,2,2
NF-Corpus,nfcorpus,PLAIN-3014,1,1
NF-Corpus,nfcorpus,PLAIN-3026,1,1
NF-Corpus,nfcorpus,PLAIN-3037,4,4
NF-Corpus,nfcorpus,PLAIN-3053,3,3
NF-Corpus,nfcorpus,PLAIN-3063,4,4
NF-Corpus,nfcorpus,PLAIN-3074,1,1
NF-Corpus,nfcorpus,PLAIN-3085,2,2
NF-Corpus,nfcorpus,PLAIN-3097,4,4
NF-Corpus,nfcorpus,PLAIN-3116,1,1
NF-Corpus,nfcorpus,PLAIN-3131,6,6
NF-Corpus,nfcorpus,PLAIN-3141,34,34
NF-Corpus,nfcorpus,PLAIN-3151,18,18
NF-Corpus,nfcorpus,PLAIN-3161,43,43
NF-Corpus,nfcorpus,PLAIN-3171,34,34
NF-Corpus,nfcorpus,PLAIN-3181,27,27
NF-Corpus,nfcorpus,PLAIN-3191,16,16
NF-Corpus,nfcorpus,PLAIN-3201,32,32
NF-Corpus,nfcorpus,PLAIN-3211,18,18
NF-Corpus,nfcorpus,PLAIN-3221,24,24
NF-Corpus,nfcorpus,PLAIN-3231,8,8
NF-Corpus,nfcorpus,PLAIN-3241,29,29
NF-Corpus,nfcorpus,PLAIN-3251,21,21
NF-Corpus,nfcorpus,PLAIN-3261,13,13
NF-Corpus,nfcorpus,PLAIN-3271,49,49
NF-Corpus,nfcorpus,PLAIN-3281,26,26
NF-Corpus,nfcorpus,PLAIN-3292,7,7
NF-Corpus,nfcorpus,PLAIN-3302,37,37
NF-Corpus,nfcorpus,PLAIN-3312,13,13
NF-Corpus,nfcorpus,PLAIN-3322,79,79
NF-Corpus,nfcorpus,PLAIN-3332,14,14
NF-Corpus,nfcorpus,PLAIN-3342,3,3
NF-Corpus,nfcorpus,PLAIN-3352,39,39
NF-Corpus,nfcorpus,PLAIN-3362,11,11
NF-Corpus,nfcorpus,PLAIN-3372,14,14
NF-Corpus,nfcorpus,PLAIN-3382,14,14
NF-Corpus,nfcorpus,PLAIN-3392,23,23
NF-Corpus,nfcorpus,PLAIN-3402,14,14
NF-Corpus,nfcorpus,PLAIN-3412,49,49
NF-Corpus,nfcorpus,PLAIN-3422,31,31
NF-Corpus,nfcorpus,PLAIN-3432,42,42
NF-Corpus,nfcorpus,PLAIN-3442,29,29
NF-Corpus,nfcorpus,PLAIN-3452,17,17
NF-Corpus,nfcorpus,PLAIN-3462,64,64
NF-Corpus,nfcorpus,PLAIN-3472,17,17
