dataset,pipeline,query_id,query_text,elapsed_sec,ndcg@5,mrr@5,recall@5,map@5,ndcg@10,mrr@10,recall@10,map@10,ndcg@20,mrr@20,recall@20,map@20,ndcg,mrr,recall,map
SciFact,BM25,1,0-dimensional biomaterials show inductive properties.,0.07385579099991446,0.0,0.0,0.0,0.0,0.0,0.0,0.0,0.0,0.0,0.0,0.0,0.0,0.0,0.0,0.0,0.0
SciFact,BM25,3,"1,000 genomes project enables mapping of genetic sequence variation consisting of rare variants with larger penetrance effects than common variants.",0.2104943660006029,1.0,1.0,1.0,1.0,1.0,1.0,1.0,1.0,1.0,1.0,1.0,1.0,1.0,1.0,1.0,1.0
SciFact,BM25,5,1/2000 in UK have abnormal PrP positivity.,0.05710162300056254,1.0,1.0,1.0,1.0,1.0,1.0,1.0,1.0,1.0,1.0,1.0,1.0,1.0,1.0,1.0,1.0
SciFact,BM25,13,5% of perinatal mortality is due to low birth weight.,0.09459481500016409,0.0,0.0,0.0,0.0,0.0,0.0,0.0,0.0,0.0,0.0,0.0,0.0,0.0,0.0,0.0,0.0
SciFact,BM25,36,A deficiency of vitamin B12 increases blood levels of homocysteine.,0.09976368200022989,0.0,0.0,0.0,0.0,0.21840743681816419,0.16666666666666666,0.5,0.08333333333333333,0.21840743681816419,0.16666666666666666,0.5,0.08333333333333333,0.21840743681816419,0.16666666666666666,0.5,0.08333333333333333
SciFact,BM25,42,A high microerythrocyte count raises vulnerability to severe anemia in homozygous alpha (+)- thalassemia trait subjects.,0.1527509210000062,1.0,1.0,1.0,1.0,1.0,1.0,1.0,1.0,1.0,1.0,1.0,1.0,1.0,1.0,1.0,1.0
SciFact,BM25,48,"A total of 1,000 people in the UK are asymptomatic carriers of vCJD infection.",0.08653178200074763,0.6309297535714575,0.5,1.0,0.5,0.6309297535714575,0.5,1.0,0.5,0.6309297535714575,0.5,1.0,0.5,0.6309297535714575,0.5,1.0,0.5
SciFact,BM25,49,ADAR1 binds to Dicer to cleave pre-miRNA.,0.0177717840006153,1.0,1.0,1.0,1.0,1.0,1.0,1.0,1.0,1.0,1.0,1.0,1.0,1.0,1.0,1.0,1.0
SciFact,BM25,50,AIRE is expressed in some skin tumors.,0.030085569000220858,1.0,1.0,1.0,1.0,1.0,1.0,1.0,1.0,1.0,1.0,1.0,1.0,1.0,1.0,1.0,1.0
SciFact,BM25,51,ALDH1 expression is associated with better breast cancer outcomes.,0.018508569000005082,1.0,1.0,1.0,1.0,1.0,1.0,1.0,1.0,1.0,1.0,1.0,1.0,1.0,1.0,1.0,1.0
SciFact,BM25,53,ALDH1 expression is associated with poorer prognosis in breast cancer.,0.022250256999541307,1.0,1.0,1.0,1.0,1.0,1.0,1.0,1.0,1.0,1.0,1.0,1.0,1.0,1.0,1.0,1.0
SciFact,BM25,54,AMP-activated protein kinase (AMPK) activation increases inflammation-related fibrosis in the lungs.,0.02648870499979239,0.0,0.0,0.0,0.0,0.3562071871080222,0.16666666666666666,1.0,0.16666666666666666,0.3562071871080222,0.16666666666666666,1.0,0.16666666666666666,0.3562071871080222,0.16666666666666666,1.0,0.16666666666666666
SciFact,BM25,56,APOE4 expression in iPSC-derived neurons increases AlphaBeta production and tau phosphorylation causing GABA neuron degeneration.,0.03041923799992219,1.0,1.0,1.0,1.0,1.0,1.0,1.0,1.0,1.0,1.0,1.0,1.0,1.0,1.0,1.0,1.0
SciFact,BM25,57,"APOE4 expression in iPSC-derived neurons increases AlphaBeta production and tau phosphorylation, delaying GABA neuron degeneration.",0.032647166999595356,1.0,1.0,1.0,1.0,1.0,1.0,1.0,1.0,1.0,1.0,1.0,1.0,1.0,1.0,1.0,1.0
SciFact,BM25,70,Activation of PPM1D suppresses p53 function.,0.012437796000085655,1.0,1.0,1.0,1.0,1.0,1.0,1.0,1.0,1.0,1.0,1.0,1.0,1.0,1.0,1.0,1.0
SciFact,BM25,72,Activator-inhibitor pairs are provided dorsally by Admpchordin.,0.015909882999949332,0.0,0.0,0.0,0.0,0.3010299956639812,0.1111111111111111,1.0,0.1111111111111111,0.3010299956639812,0.1111111111111111,1.0,0.1111111111111111,0.3010299956639812,0.1111111111111111,1.0,0.1111111111111111
SciFact,BM25,75,"Active H. pylori urease has a polymeric structure that compromises two subunits, UreA and UreB.",0.02939704399977927,0.6309297535714575,0.5,1.0,0.5,0.6309297535714575,0.5,1.0,0.5,0.6309297535714575,0.5,1.0,0.5,0.6309297535714575,0.5,1.0,0.5
SciFact,BM25,94,Albendazole is used to treat lymphatic filariasis.,0.014103714999691874,1.0,1.0,1.0,1.0,1.0,1.0,1.0,1.0,1.0,1.0,1.0,1.0,1.0,1.0,1.0,1.0
SciFact,BM25,99,Alizarin forms hydrogen bonds with residues involved in PGAM1 substrate binding.,0.025078091000068525,1.0,1.0,1.0,1.0,1.0,1.0,1.0,1.0,1.0,1.0,1.0,1.0,1.0,1.0,1.0,1.0
SciFact,BM25,100,All hematopoietic stem cells segregate their chromosomes randomly.,0.018476709999958985,1.0,1.0,1.0,1.0,1.0,1.0,1.0,1.0,1.0,1.0,1.0,1.0,1.0,1.0,1.0,1.0
SciFact,BM25,113,Angiotensin converting enzyme inhibitors are associated with increased risk for functional renal insufficiency.,0.026239236999572313,1.0,1.0,1.0,1.0,1.0,1.0,1.0,1.0,1.0,1.0,1.0,1.0,1.0,1.0,1.0,1.0
SciFact,BM25,115,Anthrax spores can be disposed of easily after they are dispersed.,0.02170829600072466,1.0,1.0,1.0,1.0,1.0,1.0,1.0,1.0,1.0,1.0,1.0,1.0,1.0,1.0,1.0,1.0
SciFact,BM25,118,Antibiotic induced alterations in the gut microbiome reduce resistance against Clostridium difficile,0.022675140000501415,1.0,1.0,1.0,1.0,1.0,1.0,1.0,1.0,1.0,1.0,1.0,1.0,1.0,1.0,1.0,1.0
SciFact,BM25,124,Antiretroviral therapy reduces rates of tuberculosis across a broad range of CD4 strata.,0.03373961100078304,1.0,1.0,1.0,1.0,1.0,1.0,1.0,1.0,1.0,1.0,1.0,1.0,1.0,1.0,1.0,1.0
SciFact,BM25,127,Arginine 90 in p150n is important for interaction with EB1.,0.023184657000456355,0.5,0.3333333333333333,1.0,0.3333333333333333,0.5,0.3333333333333333,1.0,0.3333333333333333,0.5,0.3333333333333333,1.0,0.3333333333333333,0.5,0.3333333333333333,1.0,0.3333333333333333
SciFact,BM25,128,Arterioles have a larger lumen diameter than venules.,0.015659747999961837,0.5,0.3333333333333333,1.0,0.3333333333333333,0.5,0.3333333333333333,1.0,0.3333333333333333,0.5,0.3333333333333333,1.0,0.3333333333333333,0.5,0.3333333333333333,1.0,0.3333333333333333
SciFact,BM25,129,Articles published in open access format are less likely to be cited than traditional journals.,0.029304884999874048,1.0,1.0,1.0,1.0,1.0,1.0,1.0,1.0,1.0,1.0,1.0,1.0,1.0,1.0,1.0,1.0
SciFact,BM25,130,Articles published in open access format are more likely to be cited than traditional journals.,0.032048324000243156,1.0,1.0,1.0,1.0,1.0,1.0,1.0,1.0,1.0,1.0,1.0,1.0,1.0,1.0,1.0,1.0
SciFact,BM25,132,Aspirin inhibits the production of PGE2.,0.013036585000008927,0.0,0.0,0.0,0.0,0.0,0.0,0.0,0.0,0.0,0.0,0.0,0.0,0.0,0.0,0.0,0.0
SciFact,BM25,133,"Assembly of invadopodia is triggered by focal generation of phosphatidylinositol-3,4-biphosphate and the activation of the nonreceptor tyrosine kinase Src.",0.04148001999965345,0.13120507751234178,0.2,0.2,0.04,0.13120507751234178,0.2,0.2,0.04,0.30162019311899585,0.2,0.6,0.10606334841628959,0.13120507751234178,0.2,0.2,0.04
SciFact,BM25,137,Asymptomatic visual impairment screening in elderly populations does not lead to improved vision.,0.02469327800008614,1.0,1.0,1.0,1.0,1.0,1.0,1.0,1.0,1.0,1.0,1.0,1.0,1.0,1.0,1.0,1.0
SciFact,BM25,141,Auditory entrainment is strengthened when people see congruent visual and auditory information.,0.028071782000552048,1.0,1.0,1.0,1.0,1.0,1.0,1.0,1.0,1.0,1.0,1.0,1.0,1.0,1.0,1.0,1.0
SciFact,BM25,142,Autologous transplantation of mesenchymal stem cells causes a higher rate of opportunistic infections than induction therapy with anti-interleukin-2 receptor antibodies.,0.04114470199965581,1.0,1.0,1.0,1.0,1.0,1.0,1.0,1.0,1.0,1.0,1.0,1.0,1.0,1.0,1.0,1.0
SciFact,BM25,143,Autologous transplantation of mesenchymal stem cells causes fewer opportunistic infections than induction therapy with anti-interleukin-2 receptor antibodies.,0.035556128000280296,1.0,1.0,1.0,1.0,1.0,1.0,1.0,1.0,1.0,1.0,1.0,1.0,1.0,1.0,1.0,1.0
SciFact,BM25,146,Autologous transplantation of mesenchymal stem cells has lower rates of rejection than induction therapy with anti-interleukin-2 receptor antibodies.,0.03963551600008941,1.0,1.0,1.0,1.0,1.0,1.0,1.0,1.0,1.0,1.0,1.0,1.0,1.0,1.0,1.0,1.0
SciFact,BM25,148,Autophagy declines in aged organisms.,0.017546396999932767,1.0,1.0,1.0,1.0,1.0,1.0,1.0,1.0,1.0,1.0,1.0,1.0,1.0,1.0,1.0,1.0
SciFact,BM25,163,Bariatric surgery has a positive impact on mental health.,0.01855998599967279,1.0,1.0,1.0,1.0,1.0,1.0,1.0,1.0,1.0,1.0,1.0,1.0,1.0,1.0,1.0,1.0
SciFact,BM25,171,Basophils counteract disease development in patients with systemic lupus erythematosus (SLE).,0.02348208599960344,1.0,1.0,1.0,1.0,1.0,1.0,1.0,1.0,1.0,1.0,1.0,1.0,1.0,1.0,1.0,1.0
SciFact,BM25,179,Birth-weight is positively associated with breast cancer.,0.017034213000442833,0.5855700749881525,1.0,0.5,0.41666666666666663,0.5855700749881525,1.0,0.5,0.41666666666666663,0.6758955134085424,1.0,0.75,0.45614035087719296,0.5855700749881525,1.0,0.5,0.41666666666666663
SciFact,BM25,180,Blocking the interaction between TDP-43 and respiratory complex I proteins ND3 and ND6 leads to increased TDP-43-induced neuronal loss.,0.04323890300020139,1.0,1.0,1.0,1.0,1.0,1.0,1.0,1.0,1.0,1.0,1.0,1.0,1.0,1.0,1.0,1.0
SciFact,BM25,183,Bone marrow cells contribute to adult macrophage compartments.,0.0222414440004286,0.0,0.0,0.0,0.0,0.31546487678572877,0.125,1.0,0.125,0.31546487678572877,0.125,1.0,0.125,0.31546487678572877,0.125,1.0,0.125
SciFact,BM25,185,Breast cancer development is determined exclusively by genetic factors.,0.02031172399983916,0.6309297535714575,0.5,1.0,0.5,0.6309297535714575,0.5,1.0,0.5,0.6309297535714575,0.5,1.0,0.5,0.6309297535714575,0.5,1.0,0.5
SciFact,BM25,198,CCL19 is absent within dLNs.,0.010736127000200213,0.5,0.3333333333333333,1.0,0.3333333333333333,0.5,0.3333333333333333,1.0,0.3333333333333333,0.5,0.3333333333333333,1.0,0.3333333333333333,0.5,0.3333333333333333,1.0,0.3333333333333333
SciFact,BM25,208,CHEK2 is not associated with breast cancer.,0.016217741999753343,1.0,1.0,1.0,1.0,1.0,1.0,1.0,1.0,1.0,1.0,1.0,1.0,1.0,1.0,1.0,1.0
SciFact,BM25,212,CR is associated with higher methylation age.,0.015272052000000258,1.0,1.0,1.0,1.0,1.0,1.0,1.0,1.0,1.0,1.0,1.0,1.0,1.0,1.0,1.0,1.0
SciFact,BM25,213,CRP is not predictive of postoperative mortality following Coronary Artery Bypass Graft (CABG) surgery.,0.026077698999870336,0.0,0.0,0.0,0.0,0.3562071871080222,0.16666666666666666,1.0,0.16666666666666666,0.3562071871080222,0.16666666666666666,1.0,0.16666666666666666,0.3562071871080222,0.16666666666666666,1.0,0.16666666666666666
SciFact,BM25,216,CX3CR1 on the Th2 cells impairs T cell survival,0.02492429700032517,1.0,1.0,1.0,1.0,1.0,1.0,1.0,1.0,1.0,1.0,1.0,1.0,1.0,1.0,1.0,1.0
SciFact,BM25,217,CX3CR1 on the Th2 cells promotes T cell survival,0.01706508600000234,1.0,1.0,1.0,1.0,1.0,1.0,1.0,1.0,1.0,1.0,1.0,1.0,1.0,1.0,1.0,1.0
SciFact,BM25,218,CX3CR1 on the Th2 cells promotes airway inflammation.,0.015091825999661523,1.0,1.0,1.0,1.0,1.0,1.0,1.0,1.0,1.0,1.0,1.0,1.0,1.0,1.0,1.0,1.0
SciFact,BM25,219,CX3CR1 on the Th2 cells suppresses airway inflammation.,0.014428440000301634,1.0,1.0,1.0,1.0,1.0,1.0,1.0,1.0,1.0,1.0,1.0,1.0,1.0,1.0,1.0,1.0
SciFact,BM25,230,Carriers of the alcohol aldehyde dehydrogenase deficiency mutation drink less that non-carries.,0.02999286900012521,1.0,1.0,1.0,1.0,1.0,1.0,1.0,1.0,1.0,1.0,1.0,1.0,1.0,1.0,1.0,1.0
SciFact,BM25,232,Cataract and trachoma are the primary cause of blindness in Southern Sudan.,0.033725688999766135,0.6309297535714575,0.5,1.0,0.5,0.6309297535714575,0.5,1.0,0.5,0.6309297535714575,0.5,1.0,0.5,0.6309297535714575,0.5,1.0,0.5
SciFact,BM25,233,Cell autonomous sex determination in somatic cells does not occur in Galliformes.,0.025307130999863148,1.0,1.0,1.0,1.0,1.0,1.0,1.0,1.0,1.0,1.0,1.0,1.0,1.0,1.0,1.0,1.0
SciFact,BM25,236,Cell autonomous sex determination in somatic cells occurs in Passeriformes.,0.019159036000019114,1.0,1.0,1.0,1.0,1.0,1.0,1.0,1.0,1.0,1.0,1.0,1.0,1.0,1.0,1.0,1.0
SciFact,BM25,237,Cells lacking clpC have a defect in sporulation efficiency in Bacillus subtilis.,0.023114945000088483,1.0,1.0,1.0,1.0,1.0,1.0,1.0,1.0,1.0,1.0,1.0,1.0,1.0,1.0,1.0,1.0
SciFact,BM25,238,Cells undergoing methionine restriction may activate miRNAs.,0.01429754699984187,0.0,0.0,0.0,0.0,0.0,0.0,0.0,0.0,0.227670248696953,0.05,1.0,0.05,0.0,0.0,0.0,0.0
SciFact,BM25,239,Cellular aging closely links to an older appearance.,0.018064535000121396,0.0,0.0,0.0,0.0,0.0,0.0,0.0,0.0,0.0,0.0,0.0,0.0,0.0,0.0,0.0,0.0
SciFact,BM25,248,Chenodeosycholic acid treatment increases whole-body energy expenditure.,0.015897215999757464,1.0,1.0,1.0,1.0,1.0,1.0,1.0,1.0,1.0,1.0,1.0,1.0,1.0,1.0,1.0,1.0
SciFact,BM25,249,Chenodeosycholic acid treatment reduces whole-body energy expenditure.,0.014977458000430488,0.6309297535714575,0.5,1.0,0.5,0.6309297535714575,0.5,1.0,0.5,0.6309297535714575,0.5,1.0,0.5,0.6309297535714575,0.5,1.0,0.5
SciFact,BM25,261,"Chronic aerobic exercise alters endothelial function, improving vasodilating mechanisms mediated by NO.",0.023133730000154173,0.2640681225725909,0.25,0.5,0.125,0.2640681225725909,0.25,0.5,0.125,0.2640681225725909,0.25,0.5,0.125,0.2640681225725909,0.25,0.5,0.125
SciFact,BM25,268,Cold exposure increases BAT recruitment.,0.010320761999537353,0.6309297535714575,0.5,1.0,0.5,0.6309297535714575,0.5,1.0,0.5,0.6309297535714575,0.5,1.0,0.5,0.6309297535714575,0.5,1.0,0.5
SciFact,BM25,269,Cold exposure reduces BAT recruitment.,0.009669437000411563,0.6309297535714575,0.5,1.0,0.5,0.6309297535714575,0.5,1.0,0.5,0.6309297535714575,0.5,1.0,0.5,0.6309297535714575,0.5,1.0,0.5
SciFact,BM25,274,Combination nicotine replacement therapies with varenicline or bupropion lead to significantly higher long-term abstinence rates at 52 weeks than varenicline monotherapy.,0.04339879300005123,1.0,1.0,1.0,1.0,1.0,1.0,1.0,1.0,1.0,1.0,1.0,1.0,1.0,1.0,1.0,1.0
SciFact,BM25,275,Combining phosphatidylinositide 3-kinase and MEK 1/2 inhibitors is effective at treating KRAS mutant tumors.,0.0348091559999375,0.46927872602275644,1.0,0.3333333333333333,0.3333333333333333,0.46927872602275644,1.0,0.3333333333333333,0.3333333333333333,0.5778595991237899,1.0,0.6666666666666666,0.3684210526315789,0.46927872602275644,1.0,0.3333333333333333,0.3333333333333333
SciFact,BM25,279,Commelina yellow mottle virus' (ComYMV) genome consists of 7489 baise pairs.,0.02067458799956512,1.0,1.0,1.0,1.0,1.0,1.0,1.0,1.0,1.0,1.0,1.0,1.0,1.0,1.0,1.0,1.0
SciFact,BM25,294,Crossover hot spots are not found within gene promoters in Saccharomyces cerevisiae.,0.022061914000005345,1.0,1.0,1.0,1.0,1.0,1.0,1.0,1.0,1.0,1.0,1.0,1.0,1.0,1.0,1.0,1.0
SciFact,BM25,295,Crosstalk between dendritic cells (DCs) and innate lymphoid cells (ILCs) is important in the regulation of intestinal homeostasis.,0.03492149799967592,1.0,1.0,1.0,1.0,1.0,1.0,1.0,1.0,1.0,1.0,1.0,1.0,1.0,1.0,1.0,1.0
SciFact,BM25,298,Cytochrome c is released from the mitochondrial intermembrane space to cytosol during apoptosis.,0.02620959199975914,1.0,1.0,1.0,1.0,1.0,1.0,1.0,1.0,1.0,1.0,1.0,1.0,1.0,1.0,1.0,1.0
SciFact,BM25,300,Cytosolic proteins bind to iron-responsive elements on mRNAs coding for DMT1. Cytosolic proteins bind to iron-responsive elements on mRNAs coding for proteins involved in iron uptake.,0.05343796299985115,0.43067655807339306,0.25,1.0,0.25,0.43067655807339306,0.25,1.0,0.25,0.43067655807339306,0.25,1.0,0.25,0.43067655807339306,0.25,1.0,0.25
SciFact,BM25,303,DMRT1 is a sex-determining gene that is epigenetically regulated by the MHM region.,0.028840726999987965,0.6309297535714575,0.5,1.0,0.5,0.6309297535714575,0.5,1.0,0.5,0.6309297535714575,0.5,1.0,0.5,0.6309297535714575,0.5,1.0,0.5
SciFact,BM25,312,De novo assembly of sequence data has more specific contigs than unassembled sequence data.,0.027572864999456215,0.38685280723454163,0.2,1.0,0.2,0.38685280723454163,0.2,1.0,0.2,0.38685280723454163,0.2,1.0,0.2,0.38685280723454163,0.2,1.0,0.2
SciFact,BM25,314,Deamination of cytidine to uridine on the minus strand of viral DNA results in catastrophic G-to-A mutations in the viral genome.,0.045438056999955734,0.5,0.3333333333333333,1.0,0.3333333333333333,0.5,0.3333333333333333,1.0,0.3333333333333333,0.5,0.3333333333333333,1.0,0.3333333333333333,0.5,0.3333333333333333,1.0,0.3333333333333333
SciFact,BM25,324,Deleting Raptor reduces G-CSF levels.,0.011380226000255789,0.43067655807339306,0.25,1.0,0.25,0.43067655807339306,0.25,1.0,0.25,0.43067655807339306,0.25,1.0,0.25,0.43067655807339306,0.25,1.0,0.25
SciFact,BM25,327,Deletion of αvβ8 does not result in a spontaneous inflammatory phenotype.,0.02815570500024478,1.0,1.0,1.0,1.0,1.0,1.0,1.0,1.0,1.0,1.0,1.0,1.0,1.0,1.0,1.0,1.0
SciFact,BM25,338,Dexamethasone decreases risk of postoperative bleeding.,0.013551922000260674,1.0,1.0,1.0,1.0,1.0,1.0,1.0,1.0,1.0,1.0,1.0,1.0,1.0,1.0,1.0,1.0
SciFact,BM25,343,Diabetic patients with acute coronary syndrome experience increased short-term and long-term risk for bleeding events.,0.03347578299963061,0.6509209298071326,0.5,1.0,0.5,0.6509209298071326,0.5,1.0,0.5,0.6509209298071326,0.5,1.0,0.5,0.6509209298071326,0.5,1.0,0.5
SciFact,BM25,350,Discrimination between the initiator and elongation tRNAs depends on the translation initiation factor IF3.,0.027626717000202916,1.0,1.0,1.0,1.0,1.0,1.0,1.0,1.0,1.0,1.0,1.0,1.0,1.0,1.0,1.0,1.0
SciFact,BM25,354,Downregulation and mislocalization of Scribble prevents cell transformation and mammary tumorigenesis.,0.0227071959998284,1.0,1.0,1.0,1.0,1.0,1.0,1.0,1.0,1.0,1.0,1.0,1.0,1.0,1.0,1.0,1.0
SciFact,BM25,362,During the primary early antibody response activated B cells migrate toward the inner-and outer paracortical areas where oxysterol accumulation is generated by stromal cells.,0.0470451260007394,1.0,1.0,1.0,1.0,1.0,1.0,1.0,1.0,1.0,1.0,1.0,1.0,1.0,1.0,1.0,1.0
SciFact,BM25,380,Enhanced early production of inflammatory chemokines improves viral control in the lung.,0.022501626000121178,1.0,1.0,1.0,1.0,1.0,1.0,1.0,1.0,1.0,1.0,1.0,1.0,1.0,1.0,1.0,1.0
SciFact,BM25,384,Epidemiological disease burden from noncommunicable diseases is more prevalent in low economic settings.,0.02743198999996821,0.0,0.0,0.0,0.0,0.0,0.0,0.0,0.0,0.0,0.0,0.0,0.0,0.0,0.0,0.0,0.0
SciFact,BM25,385,Epigenetic modulating agents (EMAs) modulate antitumor immune response in a cancer model system.,0.024745519000134664,0.3065735963827292,0.3333333333333333,0.5,0.16666666666666666,0.3065735963827292,0.3333333333333333,0.5,0.16666666666666666,0.4776066804504473,0.3333333333333333,1.0,0.25757575757575757,0.3065735963827292,0.3333333333333333,0.5,0.16666666666666666
SciFact,BM25,386,Errors in peripheral IV drug administration are most common during bolus administration and multiple-step medicine preparations.,0.03935785399971792,1.0,1.0,1.0,1.0,1.0,1.0,1.0,1.0,1.0,1.0,1.0,1.0,1.0,1.0,1.0,1.0
SciFact,BM25,388,Ethanol stress decreases the expression of IBP in bacteria.,0.02653567099969223,0.5,0.3333333333333333,1.0,0.3333333333333333,0.5,0.3333333333333333,1.0,0.3333333333333333,0.5,0.3333333333333333,1.0,0.3333333333333333,0.5,0.3333333333333333,1.0,0.3333333333333333
SciFact,BM25,399,Exposure to fine particulate air pollution is relate to anxiety prevalence.,0.03129865900064033,1.0,1.0,1.0,1.0,1.0,1.0,1.0,1.0,1.0,1.0,1.0,1.0,1.0,1.0,1.0,1.0
SciFact,BM25,410,Febrile seizures increase the threshold for development of epilepsy.,0.022733693000191124,1.0,1.0,1.0,1.0,1.0,1.0,1.0,1.0,1.0,1.0,1.0,1.0,1.0,1.0,1.0,1.0
SciFact,BM25,411,Febrile seizures reduce the threshold for development of epilepsy.,0.017908698000610457,1.0,1.0,1.0,1.0,1.0,1.0,1.0,1.0,1.0,1.0,1.0,1.0,1.0,1.0,1.0,1.0
SciFact,BM25,415,Female carriers of the Apolipoprotein E4 (APOE4) allele have increased risk for dementia.,0.025007736999214103,0.38685280723454163,0.2,1.0,0.2,0.38685280723454163,0.2,1.0,0.2,0.38685280723454163,0.2,1.0,0.2,0.38685280723454163,0.2,1.0,0.2
SciFact,BM25,421,Flexible molecules experience greater steric hindrance in the tumor microenviroment than rigid molecules.,0.025135093000244524,0.0,0.0,0.0,0.0,0.0,0.0,0.0,0.0,0.0,0.0,0.0,0.0,0.0,0.0,0.0,0.0
SciFact,BM25,431,FoxO3a activation in neuronal death is mediated by reactive oxygen species (ROS).,0.024264004000542627,0.0,0.0,0.0,0.0,0.0,0.0,0.0,0.0,0.0,0.0,0.0,0.0,0.0,0.0,0.0,0.0
SciFact,BM25,436,Free histones are degraded by a Rad53-dependent mechanism once DNA has been replicated.,0.030391702999622794,1.0,1.0,1.0,1.0,1.0,1.0,1.0,1.0,1.0,1.0,1.0,1.0,1.0,1.0,1.0,1.0
SciFact,BM25,437,Functional consequences of genomic alterations due to Myelodysplastic syndrome (MDS) are poorly understood due to the lack of an animal model.,0.045619557999998506,0.0,0.0,0.0,0.0,0.0,0.0,0.0,0.0,0.0,0.0,0.0,0.0,0.0,0.0,0.0,0.0
SciFact,BM25,439,Fz/PCP-dependent Pk localizes to the anterior membrane of neuroectoderm cells during zebrafish neuralation,0.032937664999735716,0.6309297535714575,0.5,1.0,0.5,0.6309297535714575,0.5,1.0,0.5,0.6309297535714575,0.5,1.0,0.5,0.6309297535714575,0.5,1.0,0.5
SciFact,BM25,440,Fz/PCP-dependent Pk localizes to the anterior membrane of notochord cells during zebrafish neuralation.,0.02802009500010172,0.6309297535714575,0.5,1.0,0.5,0.6309297535714575,0.5,1.0,0.5,0.6309297535714575,0.5,1.0,0.5,0.6309297535714575,0.5,1.0,0.5
SciFact,BM25,443,GATA-3 is important for hematopoietic stem cell (HSC) function.,0.0209210709999752,1.0,1.0,1.0,1.0,1.0,1.0,1.0,1.0,1.0,1.0,1.0,1.0,1.0,1.0,1.0,1.0
SciFact,BM25,452,Gene expression does not vary appreciably across genetically identical cells.,0.01913424499980465,0.23719771276929622,0.2,0.5,0.1,0.23719771276929622,0.2,0.5,0.1,0.23719771276929622,0.2,0.5,0.1,0.23719771276929622,0.2,0.5,0.1
SciFact,BM25,475,Glycolysis is one of the primary glycometabolic pathways in cells.,0.020254944000043906,0.0,0.0,0.0,0.0,0.0,0.0,0.0,0.0,0.27894294565112987,0.09090909090909091,1.0,0.09090909090909091,0.0,0.0,0.0,0.0
SciFact,BM25,478,Golli-deficient T-cells prefer to differentiate into an anergic phenotype in the adaptive immune response when there are increased levels of Ca2+ in the cytosol.,0.04990674700002273,0.6309297535714575,0.5,1.0,0.5,0.6309297535714575,0.5,1.0,0.5,0.6309297535714575,0.5,1.0,0.5,0.6309297535714575,0.5,1.0,0.5
SciFact,BM25,491,HNF4A mutations can cause diabetes in mutant carriers by the age of 14 years,0.030882918999850517,1.0,1.0,1.0,1.0,1.0,1.0,1.0,1.0,1.0,1.0,1.0,1.0,1.0,1.0,1.0,1.0
SciFact,BM25,501,Headaches are not correlated with cognitive impairment.,0.015778070999658667,0.6309297535714575,0.5,1.0,0.5,0.6309297535714575,0.5,1.0,0.5,0.6309297535714575,0.5,1.0,0.5,0.6309297535714575,0.5,1.0,0.5
SciFact,BM25,502,"Healthcare delivery efficiency in crowded delivery centers is impaired by improving structural, logistical, and interpersonal elements.",0.034907912000562646,0.0,0.0,0.0,0.0,0.0,0.0,0.0,0.0,0.0,0.0,0.0,0.0,0.0,0.0,0.0,0.0
SciFact,BM25,507,Helminths interfere with immune system control of macrophages activated by IL-4 favor Mycobacterium tuberculosis replication.,0.030516780000652943,1.0,1.0,1.0,1.0,1.0,1.0,1.0,1.0,1.0,1.0,1.0,1.0,1.0,1.0,1.0,1.0
SciFact,BM25,508,Hematopoietic Stem Cell purification reaches purity rate of up to 50%.,0.0245492979993287,0.0,0.0,0.0,0.0,0.0,0.0,0.0,0.0,0.0,0.0,0.0,0.0,0.0,0.0,0.0,0.0
SciFact,BM25,513,High cardiopulmonary fitness causes increased mortality rate.,0.016052429000410484,1.0,1.0,1.0,1.0,1.0,1.0,1.0,1.0,1.0,1.0,1.0,1.0,1.0,1.0,1.0,1.0
SciFact,BM25,514,High dietary calcium intakes are unnecessary for prevention of secondary hyperparathyroidism in subjects with 25(OH)D levels above 75 nmol/liter.,0.044248474000596616,0.0,0.0,0.0,0.0,0.0,0.0,0.0,0.0,0.27894294565112987,0.09090909090909091,1.0,0.09090909090909091,0.0,0.0,0.0,0.0
SciFact,BM25,516,High levels of CRP reduces the risk of exacerbations in chronic obstructive pulmonary disease (COPD).,0.029725420999966445,1.0,1.0,1.0,1.0,1.0,1.0,1.0,1.0,1.0,1.0,1.0,1.0,1.0,1.0,1.0,1.0
SciFact,BM25,517,High levels of copeptin decrease risk of diabetes.,0.022883380000166653,0.0,0.0,0.0,0.0,0.0,0.0,0.0,0.0,0.0,0.0,0.0,0.0,0.0,0.0,0.0,0.0
SciFact,BM25,521,High-sensitivity cardiac troponin T (HSCT-T) dosage may not be diagnostic if the onset of symptoms occurs less than 3 hours before acute myocardial injury (AMI).,0.060456228000475676,1.0,1.0,1.0,1.0,1.0,1.0,1.0,1.0,1.0,1.0,1.0,1.0,1.0,1.0,1.0,1.0
SciFact,BM25,525,Histone demethylase recruitment and a transient decrease in histone methylation is necessary for ligand-dependent induction of transcription by nuclear receptors.,0.04774279199955345,1.0,1.0,1.0,1.0,1.0,1.0,1.0,1.0,1.0,1.0,1.0,1.0,1.0,1.0,1.0,1.0
SciFact,BM25,527,Homozygous deletion of murine Sbds gene from osterix-expressing mesenchymal stem and progenitor cells (MPCs) prevents oxidative stress.,0.03963493000082963,0.6309297535714575,0.5,1.0,0.5,0.6309297535714575,0.5,1.0,0.5,0.6309297535714575,0.5,1.0,0.5,0.6309297535714575,0.5,1.0,0.5
SciFact,BM25,528,Human T-lymphotropic virus type-I-associated myelopathy / tropical spastic paraparesis (HAM/TSP) patients produce Immunoglobulin G (IgG) antibodies which cross-react with an immunodominant epitope in Tax.,0.05623316299988801,1.0,1.0,1.0,1.0,1.0,1.0,1.0,1.0,1.0,1.0,1.0,1.0,1.0,1.0,1.0,1.0
SciFact,BM25,532,Hyperfibrinogenemia decreases rates of femoropopliteal bypass thrombosis.,0.014991160999670683,1.0,1.0,1.0,1.0,1.0,1.0,1.0,1.0,1.0,1.0,1.0,1.0,1.0,1.0,1.0,1.0
SciFact,BM25,533,Hyperfibrinogenemia increases rates of femoropopliteal bypass thrombosis.,0.0128065909993893,1.0,1.0,1.0,1.0,1.0,1.0,1.0,1.0,1.0,1.0,1.0,1.0,1.0,1.0,1.0,1.0
SciFact,BM25,535,Hypertension is frequently observed in type 1 diabetes patients.,0.01891809300013847,0.0,0.0,0.0,0.0,0.0,0.0,0.0,0.0,0.0,0.0,0.0,0.0,0.0,0.0,0.0,0.0
SciFact,BM25,536,Hypocretin neurones induce panicprone state in rats.,0.0208048910008074,1.0,1.0,1.0,1.0,1.0,1.0,1.0,1.0,1.0,1.0,1.0,1.0,1.0,1.0,1.0,1.0
SciFact,BM25,539,Hypoglycemia increases the risk of dementia.,0.014340417999846977,1.0,1.0,1.0,1.0,1.0,1.0,1.0,1.0,1.0,1.0,1.0,1.0,1.0,1.0,1.0,1.0
SciFact,BM25,540,Hypothalamic glutamate neurotransmission is crucial to energy balance.,0.018418403999930888,0.23719771276929622,0.2,0.5,0.1,0.23719771276929622,0.2,0.5,0.1,0.23719771276929622,0.2,0.5,0.1,0.23719771276929622,0.2,0.5,0.1
SciFact,BM25,544,IFIT1 restricts viral replication by sequestrating mis-capped viral RNAs.,0.019751104000533815,0.0,0.0,0.0,0.0,0.0,0.0,0.0,0.0,0.0,0.0,0.0,0.0,0.0,0.0,0.0,0.0
SciFact,BM25,549,IRG1 has antiviral effects against neurotropic viruses.,0.013942642999609234,1.0,1.0,1.0,1.0,1.0,1.0,1.0,1.0,1.0,1.0,1.0,1.0,1.0,1.0,1.0,1.0
SciFact,BM25,551,ITAM phosphorylation prevents the transfer of the T cell receptor (TCR) signal from the echo-domain to the cytoplasmic tail of the T cell receptor (TCR).,0.05451426600029663,0.43067655807339306,0.25,1.0,0.25,0.43067655807339306,0.25,1.0,0.25,0.43067655807339306,0.25,1.0,0.25,0.43067655807339306,0.25,1.0,0.25
SciFact,BM25,552,IgA plasma cells that are specific for transglutaminase 2 accumulate in the duodenal mucosa on commencement of a gluten-free diet.,0.04900653599997895,1.0,1.0,1.0,1.0,1.0,1.0,1.0,1.0,1.0,1.0,1.0,1.0,1.0,1.0,1.0,1.0
SciFact,BM25,554,Immune complex triggered cell death leads to extracellular release of neutrophil protein HMGB1.,0.025476469000750512,0.0,0.0,0.0,0.0,0.3333333333333333,0.14285714285714285,1.0,0.14285714285714285,0.3333333333333333,0.14285714285714285,1.0,0.14285714285714285,0.3333333333333333,0.14285714285714285,1.0,0.14285714285714285
SciFact,BM25,560,Immune responses result in the development of inflammatory Th17 cells and anti-inflammatory iTregs.,0.02137172000038845,0.0,0.0,0.0,0.0,0.0,0.0,0.0,0.0,0.0,0.0,0.0,0.0,0.0,0.0,0.0,0.0
SciFact,BM25,569,"In adult tissue, most T cells are memory T cells.",0.014825683999333705,1.0,1.0,1.0,1.0,1.0,1.0,1.0,1.0,1.0,1.0,1.0,1.0,1.0,1.0,1.0,1.0
SciFact,BM25,575,"In domesticated populations of Saccharomyces cerevisiae, whole chromosome aneuploidy is very uncommon.",0.021534370000154013,0.0,0.0,0.0,0.0,0.0,0.0,0.0,0.0,0.23981246656813146,0.058823529411764705,1.0,0.058823529411764705,0.0,0.0,0.0,0.0
SciFact,BM25,577,"In mice, P. chabaudi parasites are able to proliferate faster early in infection when inoculated at lower numbers than when inoculated at high numbers.",0.03440517299986823,0.0,0.0,0.0,0.0,0.0,0.0,0.0,0.0,0.0,0.0,0.0,0.0,0.0,0.0,0.0,0.0
SciFact,BM25,578,"In mouse models, the loss of CSF1R facilitates MOZ-TIF2-induced leuekmogenesis.",0.017229816000508436,1.0,1.0,1.0,1.0,1.0,1.0,1.0,1.0,1.0,1.0,1.0,1.0,1.0,1.0,1.0,1.0
SciFact,BM25,587,"In transgenic mice harboring green florescent protein under the control of the Sox2 promoter, less than ten percent of the cells with green florescent colocalize with cell proliferation markers.",0.05077168099978735,0.43067655807339306,0.25,1.0,0.25,0.43067655807339306,0.25,1.0,0.25,0.43067655807339306,0.25,1.0,0.25,0.43067655807339306,0.25,1.0,0.25
SciFact,BM25,589,"In young and middle-aged adults, current or remote uses of ADHD medications do not increase the risk of serious cardiovascular events.",0.03441438200025004,1.0,1.0,1.0,1.0,1.0,1.0,1.0,1.0,1.0,1.0,1.0,1.0,1.0,1.0,1.0,1.0
SciFact,BM25,593,Incidence of heart failure decreased by 10% in women since 1979.,0.016436231000625412,1.0,1.0,1.0,1.0,1.0,1.0,1.0,1.0,1.0,1.0,1.0,1.0,1.0,1.0,1.0,1.0
SciFact,BM25,597,Incidence rates of cervical cancer have decreased.,0.00961714699951699,0.7653606369886217,1.0,0.6666666666666666,0.6666666666666666,0.9325210919548239,1.0,1.0,0.8333333333333334,0.9325210919548239,1.0,1.0,0.8333333333333334,0.9325210919548239,1.0,1.0,0.8333333333333334
SciFact,BM25,598,Incidence rates of cervical cancer have increased due to nationwide screening programs based primarily on cytology to detect uterine cervical cancer.,0.028306700000030105,0.0,0.0,0.0,0.0,0.3562071871080222,0.16666666666666666,1.0,0.16666666666666666,0.3562071871080222,0.16666666666666666,1.0,0.16666666666666666,0.3562071871080222,0.16666666666666666,1.0,0.16666666666666666
SciFact,BM25,613,Increased microtubule acetylation repairs LRRK2 Roc-COR domain mutation induced locomotor deficits.,0.015708988000369573,1.0,1.0,1.0,1.0,1.0,1.0,1.0,1.0,1.0,1.0,1.0,1.0,1.0,1.0,1.0,1.0
SciFact,BM25,619,Increased vessel density along with a reduction in fibrosis decreases the efficacy of chemotherapy treatments.,0.023088549000021885,0.23719771276929622,0.2,0.5,0.1,0.23719771276929622,0.2,0.5,0.1,0.23719771276929622,0.2,0.5,0.1,0.23719771276929622,0.2,0.5,0.1
SciFact,BM25,623,Individuals with low serum vitamin D concentrations have increased risk of multiple sclerosis.,0.01813930500065908,0.0,0.0,0.0,0.0,0.0,0.0,0.0,0.0,0.227670248696953,0.05,1.0,0.05,0.0,0.0,0.0,0.0
SciFact,BM25,628,Infection of human T-cell lymphotropic virus type 1 is most frequent in individuals of African origin.,0.023290467000151693,1.0,1.0,1.0,1.0,1.0,1.0,1.0,1.0,1.0,1.0,1.0,1.0,1.0,1.0,1.0,1.0
SciFact,BM25,636,"Inositol lipid 3-phosphatase PTEN converts Ptdlns(3,4)P 2 into phosphatidylinositol 4-phosphate.",0.01911488699988695,0.5,0.3333333333333333,1.0,0.3333333333333333,0.5,0.3333333333333333,1.0,0.3333333333333333,0.5,0.3333333333333333,1.0,0.3333333333333333,0.5,0.3333333333333333,1.0,0.3333333333333333
SciFact,BM25,637,Input from  mental and physical health care professionals is effective at decreasing homelessness.,0.02162944800056721,0.0,0.0,0.0,0.0,0.2890648263178879,0.1,1.0,0.1,0.2890648263178879,0.1,1.0,0.1,0.2890648263178879,0.1,1.0,0.1
SciFact,BM25,641,Insomnia can be effectively treated with cognitive behavioral therapy.,0.014836006000223279,0.6131471927654584,1.0,0.5,0.5,0.6131471927654584,1.0,0.5,0.5,0.6131471927654584,1.0,0.5,0.5,0.6131471927654584,1.0,0.5,0.5
SciFact,BM25,644,Insulin increases risk of severe kidney failure.,0.009808791000068595,0.6309297535714575,0.5,1.0,0.5,0.6309297535714575,0.5,1.0,0.5,0.6309297535714575,0.5,1.0,0.5,0.6309297535714575,0.5,1.0,0.5
SciFact,BM25,649,Integrating classroom-based collaborative learning with Web-based collaborative learning leads to subpar class performance,0.02112768699953449,1.0,1.0,1.0,1.0,1.0,1.0,1.0,1.0,1.0,1.0,1.0,1.0,1.0,1.0,1.0,1.0
SciFact,BM25,659,Ivermectin is used to treat lymphatic filariasis.,0.01040361900049902,1.0,1.0,1.0,1.0,1.0,1.0,1.0,1.0,1.0,1.0,1.0,1.0,1.0,1.0,1.0,1.0
SciFact,BM25,660,Ivermectin is used to treat onchocerciasis.,0.008338305000506807,0.38685280723454163,0.2,1.0,0.2,0.38685280723454163,0.2,1.0,0.2,0.38685280723454163,0.2,1.0,0.2,0.38685280723454163,0.2,1.0,0.2
SciFact,BM25,674,LDL cholesterol has no involvement in the development of cardiovascular disease.,0.01647793299980549,1.0,1.0,1.0,1.0,1.0,1.0,1.0,1.0,1.0,1.0,1.0,1.0,1.0,1.0,1.0,1.0
SciFact,BM25,684,Lack of clpC does not affect sporulation efficiency in Bacillus subtilis cells.,0.017276630000196747,1.0,1.0,1.0,1.0,1.0,1.0,1.0,1.0,1.0,1.0,1.0,1.0,1.0,1.0,1.0,1.0
SciFact,BM25,690,Less than 10% of the gabonese children with Schimmelpenning-Feuerstein-Mims syndrome (SFM) had a plasma lactate of more than 5mmol/L.,0.030546127999514283,0.0,0.0,0.0,0.0,0.0,0.0,0.0,0.0,0.23981246656813146,0.058823529411764705,1.0,0.058823529411764705,0.0,0.0,0.0,0.0
SciFact,BM25,691,Leukemia associated Rho guanine nucleotide-exchange factor represses RhoA in response to SRC activation.,0.022455123999861826,1.0,1.0,1.0,1.0,1.0,1.0,1.0,1.0,1.0,1.0,1.0,1.0,1.0,1.0,1.0,1.0
SciFact,BM25,692,Leuko-increased blood increases infectious complications in red blood cell transfusion.,0.015699054999458895,0.6309297535714575,0.5,1.0,0.5,0.6309297535714575,0.5,1.0,0.5,0.6309297535714575,0.5,1.0,0.5,0.6309297535714575,0.5,1.0,0.5
SciFact,BM25,693,Leuko-reduced blood reduces infectious complications in red blood cell transfusion.,0.014585076999537705,1.0,1.0,1.0,1.0,1.0,1.0,1.0,1.0,1.0,1.0,1.0,1.0,1.0,1.0,1.0,1.0
SciFact,BM25,700,Localization of PIN1 in the Arabidopsis embryo does not require VPS9a,0.016106605999993917,0.6309297535714575,0.5,1.0,0.5,0.6309297535714575,0.5,1.0,0.5,0.6309297535714575,0.5,1.0,0.5,0.6309297535714575,0.5,1.0,0.5
SciFact,BM25,702,Localization of PIN1 in the roots of Arabidopsis does not require VPS9a,0.016389170000365993,0.5,0.3333333333333333,1.0,0.3333333333333333,0.5,0.3333333333333333,1.0,0.3333333333333333,0.5,0.3333333333333333,1.0,0.3333333333333333,0.5,0.3333333333333333,1.0,0.3333333333333333
SciFact,BM25,715,Low expression of miR7a does represses target genes and exerts a biological function in ovaries.,0.02092058600010205,0.0,0.0,0.0,0.0,0.0,0.0,0.0,0.0,0.0,0.0,0.0,0.0,0.0,0.0,0.0,0.0
SciFact,BM25,716,Low expression of miR7a exerts a biological function in testis.,0.01635673599957954,0.0,0.0,0.0,0.0,0.0,0.0,0.0,0.0,0.0,0.0,0.0,0.0,0.0,0.0,0.0,0.0
SciFact,BM25,718,Low nucleosome occupancy correlates with low methylation levels across species.,0.014444234000620781,0.6309297535714575,0.5,1.0,0.5,0.6309297535714575,0.5,1.0,0.5,0.6309297535714575,0.5,1.0,0.5,0.6309297535714575,0.5,1.0,0.5
SciFact,BM25,721,Lupus-prone mice infected with curliproducing bacteria have higher autoantibody titers compared to controls.,0.02059298999938619,1.0,1.0,1.0,1.0,1.0,1.0,1.0,1.0,1.0,1.0,1.0,1.0,1.0,1.0,1.0,1.0
SciFact,BM25,723,Ly49Q directs the organization of neutrophil migration to inflammation sites by regulating membrane raft functions.,0.021503453999685007,1.0,1.0,1.0,1.0,1.0,1.0,1.0,1.0,1.0,1.0,1.0,1.0,1.0,1.0,1.0,1.0
SciFact,BM25,727,Ly6C hi monocytes have a lower inflammatory capacity compared to their Ly6C lo counterparts.,0.018489843999304867,0.6309297535714575,0.5,1.0,0.5,0.6309297535714575,0.5,1.0,0.5,0.6309297535714575,0.5,1.0,0.5,0.6309297535714575,0.5,1.0,0.5
SciFact,BM25,728,Ly6C hi monocytes have a lower inflammatory capacity than Ly6C lo monocytes.,0.01521548900018388,0.38685280723454163,0.5,0.5,0.25,0.6052602440527057,0.5,1.0,0.41666666666666663,0.6052602440527057,0.5,1.0,0.41666666666666663,0.6052602440527057,0.5,1.0,0.41666666666666663
SciFact,BM25,729,Lymphadenopathy is observed in knockin mouse lacking the SHP-2 MAPK pathway.,0.023203728999760642,0.6309297535714575,0.5,1.0,0.5,0.6309297535714575,0.5,1.0,0.5,0.6309297535714575,0.5,1.0,0.5,0.6309297535714575,0.5,1.0,0.5
SciFact,BM25,742,Macrolides have no protective effect against myocardial infarction.,0.01248188499994285,1.0,1.0,1.0,1.0,1.0,1.0,1.0,1.0,1.0,1.0,1.0,1.0,1.0,1.0,1.0,1.0
SciFact,BM25,743,Macrolides protect against myocardial infarction.,0.007581998999739881,1.0,1.0,1.0,1.0,1.0,1.0,1.0,1.0,1.0,1.0,1.0,1.0,1.0,1.0,1.0,1.0
SciFact,BM25,744,Macropinocytosis contributes to a cell's supply of amino acids via the intracellular uptake of protein.,0.025115766000453732,0.6309297535714575,0.5,1.0,0.5,0.6309297535714575,0.5,1.0,0.5,0.6309297535714575,0.5,1.0,0.5,0.6309297535714575,0.5,1.0,0.5
SciFact,BM25,756,Many proteins in human cells can be post-translationally modified at lysine residues via acetylation.,0.02300098199975764,0.0,0.0,0.0,0.0,0.3010299956639812,0.1111111111111111,1.0,0.1111111111111111,0.3010299956639812,0.1111111111111111,1.0,0.1111111111111111,0.3010299956639812,0.1111111111111111,1.0,0.1111111111111111
SciFact,BM25,759,Mathematical models predict that using Artemisinin-based combination therapy over nongametocytocidal drugs have a dramatic impact in reducing malaria transmission.,0.02831656499984092,1.0,1.0,1.0,1.0,1.0,1.0,1.0,1.0,1.0,1.0,1.0,1.0,1.0,1.0,1.0,1.0
SciFact,BM25,768,Mercaptopurine is anabolized into the inactive methylmercaptopurine by thiopurine methyltrasnferase (TPMT).,0.019471771999633347,0.0,0.0,0.0,0.0,0.0,0.0,0.0,0.0,0.24465054211822604,0.0625,1.0,0.0625,0.0,0.0,0.0,0.0
SciFact,BM25,770,Metastatic colorectal cancer treated with a single agent fluoropyrimidines resulted in reduced efficacy and lower quality of life when compared with oxaliplatin-based chemotherapy in elderly patients.,0.04010788699997647,1.0,1.0,1.0,1.0,1.0,1.0,1.0,1.0,1.0,1.0,1.0,1.0,1.0,1.0,1.0,1.0
SciFact,BM25,775,Mice defective for deoxyribonucleic acid (DNA) polymerase I (polI) reveal increased sensitivity to ionizing radiation (IR).,0.023254517000168562,0.0,0.0,0.0,0.0,0.0,0.0,0.0,0.0,0.0,0.0,0.0,0.0,0.0,0.0,0.0,0.0
SciFact,BM25,781,Mice that lack Interferon-γ or its receptor exhibit high resistance to experimental autoimmune myocarditis.,0.021522032000575564,0.6309297535714575,0.5,1.0,0.5,0.6309297535714575,0.5,1.0,0.5,0.6309297535714575,0.5,1.0,0.5,0.6309297535714575,0.5,1.0,0.5
SciFact,BM25,783,Mice without IFN-γ or its receptor are resistant to EAM induced with α-MyHC/CFA.,0.02146473699940543,0.0,0.0,0.0,0.0,0.0,0.0,0.0,0.0,0.0,0.0,0.0,0.0,0.0,0.0,0.0,0.0
SciFact,BM25,784,MicroRNA is involved in the regulation of Neural Stem Cell (NSC) differentiation and proliferation dynamic homeostasis,0.023395282999445044,0.43067655807339306,0.25,1.0,0.25,0.43067655807339306,0.25,1.0,0.25,0.43067655807339306,0.25,1.0,0.25,0.43067655807339306,0.25,1.0,0.25
SciFact,BM25,785,Microarray results from culture-amplified mixtures of serotypes correlate poorly with microarray results from uncultured mixtures.,0.026462292999895,0.6309297535714575,0.5,1.0,0.5,0.6309297535714575,0.5,1.0,0.5,0.6309297535714575,0.5,1.0,0.5,0.6309297535714575,0.5,1.0,0.5
SciFact,BM25,793,Mitochondria are uninvolved in apoptosis.,0.007634842999323155,1.0,1.0,1.0,1.0,1.0,1.0,1.0,1.0,1.0,1.0,1.0,1.0,1.0,1.0,1.0,1.0
SciFact,BM25,800,Modifying the epigenome in the brain affects the normal human aging process by affecting certain genes related to neurogenesis.,0.02661879199968098,0.0,0.0,0.0,0.0,0.0,0.0,0.0,0.0,0.0,0.0,0.0,0.0,0.0,0.0,0.0,0.0
SciFact,BM25,805,Monoclonal antibody targeting of N-cadherin inhibits metastasis.,0.01201153100009833,1.0,1.0,1.0,1.0,1.0,1.0,1.0,1.0,1.0,1.0,1.0,1.0,1.0,1.0,1.0,1.0
SciFact,BM25,808,Most termination events in Okazaki fragments are sequence specific.,0.012871785000243108,1.0,1.0,1.0,1.0,1.0,1.0,1.0,1.0,1.0,1.0,1.0,1.0,1.0,1.0,1.0,1.0
SciFact,BM25,811,Mutant mice lacking SVCT2 have greatly increased ascorbic acid levels in both brain and adrenals.,0.020796509999854607,1.0,1.0,1.0,1.0,1.0,1.0,1.0,1.0,1.0,1.0,1.0,1.0,1.0,1.0,1.0,1.0
SciFact,BM25,814,"Mutations in G-Beta protein GNB2 are present in many cancers, resulting in loss of interaction with G-alpha subunits and concomitant activation of AKT pathway.",0.04045227300048282,1.0,1.0,1.0,1.0,1.0,1.0,1.0,1.0,1.0,1.0,1.0,1.0,1.0,1.0,1.0,1.0
SciFact,BM25,820,N-terminal cleavage increases success identifying transcription start sites.,0.012522691000413033,0.0,0.0,0.0,0.0,0.0,0.0,0.0,0.0,0.2559580248098155,0.07142857142857142,1.0,0.07142857142857142,0.0,0.0,0.0,0.0
SciFact,BM25,821,N-terminal cleavage reduces success identifying transcription start sites.,0.015966296999977203,0.0,0.0,0.0,0.0,0.0,0.0,0.0,0.0,0.25,0.06666666666666667,1.0,0.06666666666666667,0.0,0.0,0.0,0.0
SciFact,BM25,823,N348I mutations cause resistance to zidovudine (AZT).,0.013447928000459797,1.0,1.0,1.0,1.0,1.0,1.0,1.0,1.0,1.0,1.0,1.0,1.0,1.0,1.0,1.0,1.0
SciFact,BM25,830,NF2 (Merlin) causes phosphorylation and subsequent cytoplasmic sequestration of YAP in Drosophila by activating LATS1/2 kinases.,0.02597569499994279,0.0,0.0,0.0,0.0,0.0,0.0,0.0,0.0,0.27894294565112987,0.09090909090909091,1.0,0.09090909090909091,0.0,0.0,0.0,0.0
SciFact,BM25,831,NF2 (Merlin) prevents phosphorylation and subsequent cytoplasmic sequestration of YAP in Drosophila.,0.020514738999736437,0.0,0.0,0.0,0.0,0.0,0.0,0.0,0.0,0.27023815442731974,0.08333333333333333,1.0,0.08333333333333333,0.0,0.0,0.0,0.0
SciFact,BM25,832,NFAT4 activation requires IP3R-mediated Ca2+ mobilization.,0.009861167000053683,1.0,1.0,1.0,1.0,1.0,1.0,1.0,1.0,1.0,1.0,1.0,1.0,1.0,1.0,1.0,1.0
SciFact,BM25,834,NOX2-independent pathways can generate peroxynitrite by reacting with nitrogen intermediates.,0.016123542999594065,0.0,0.0,0.0,0.0,0.0,0.0,0.0,0.0,0.27894294565112987,0.09090909090909091,1.0,0.09090909090909091,0.0,0.0,0.0,0.0
SciFact,BM25,837,NR5A2 is important in development of endometrial tissues.,0.012151031000030343,1.0,1.0,1.0,1.0,1.0,1.0,1.0,1.0,1.0,1.0,1.0,1.0,1.0,1.0,1.0,1.0
SciFact,BM25,839,Nanoparticles can be targeted against specific cell types by incorporating aptamers into lipid nanoparticles.,0.020025881999572448,1.0,1.0,1.0,1.0,1.0,1.0,1.0,1.0,1.0,1.0,1.0,1.0,1.0,1.0,1.0,1.0
SciFact,BM25,845,Neutrophil extracellular traps (NETs) are released by ANCA-stimulated neutrophils.,0.013498418999915884,1.0,1.0,1.0,1.0,1.0,1.0,1.0,1.0,1.0,1.0,1.0,1.0,1.0,1.0,1.0,1.0
SciFact,BM25,847,New drugs for tuberculosis often do not penetrate the necrotic portion of a tuberculosis lesion in high concentrations.,0.024510133000148926,1.0,1.0,1.0,1.0,1.0,1.0,1.0,1.0,1.0,1.0,1.0,1.0,1.0,1.0,1.0,1.0
SciFact,BM25,852,Non-invasive ventilation use should be decreased if there is inadequate response to conventional treatment.,0.025628280000091763,1.0,1.0,1.0,1.0,1.0,1.0,1.0,1.0,1.0,1.0,1.0,1.0,1.0,1.0,1.0,1.0
SciFact,BM25,859,Normal expression of RUNX1 has tumor-promoting effects.,0.011321764000058465,0.6309297535714575,0.5,1.0,0.5,0.6309297535714575,0.5,1.0,0.5,0.6309297535714575,0.5,1.0,0.5,0.6309297535714575,0.5,1.0,0.5
SciFact,BM25,870,Obesity decreases life quality.,0.005849583000781422,0.0,0.0,0.0,0.0,0.0,0.0,0.0,0.0,0.0,0.0,0.0,0.0,0.0,0.0,0.0,0.0
SciFact,BM25,873,Obesity is determined solely by environmental factors.,0.009868828000435315,0.0,0.0,0.0,0.0,0.0,0.0,0.0,0.0,0.0,0.0,0.0,0.0,0.0,0.0,0.0,0.0
SciFact,BM25,879,Occupancy of ribosomes by IncRNAs do not make functional peptides.,0.013331166999705601,1.0,1.0,1.0,1.0,1.0,1.0,1.0,1.0,1.0,1.0,1.0,1.0,1.0,1.0,1.0,1.0
SciFact,BM25,880,Occupancy of ribosomes by IncRNAs mirror 5 0-UTRs,0.012306026000260317,1.0,1.0,1.0,1.0,1.0,1.0,1.0,1.0,1.0,1.0,1.0,1.0,1.0,1.0,1.0,1.0
SciFact,BM25,882,Omnivores produce less trimethylamine N-oxide from dietary I-carnitine than vegetarians.,0.01772931300001801,1.0,1.0,1.0,1.0,1.0,1.0,1.0,1.0,1.0,1.0,1.0,1.0,1.0,1.0,1.0,1.0
SciFact,BM25,887,Only a minority of cells survive development after differentiation into stress-resistant spores.,0.019900359000530443,0.0,0.0,0.0,0.0,0.0,0.0,0.0,0.0,0.0,0.0,0.0,0.0,0.0,0.0,0.0,0.0
SciFact,BM25,903,PD-1 triggering on monocytes reduces IL-10 production by monocytes.,0.017861448000076052,1.0,1.0,1.0,1.0,1.0,1.0,1.0,1.0,1.0,1.0,1.0,1.0,1.0,1.0,1.0,1.0
SciFact,BM25,904,PDPN promotes efficient motility along stromal surfaces by activating the C-type lectin receptor to rearrange the actin cytoskeleton in dendritic cells.,0.03069981199951144,1.0,1.0,1.0,1.0,1.0,1.0,1.0,1.0,1.0,1.0,1.0,1.0,1.0,1.0,1.0,1.0
SciFact,BM25,907,PGE 2 promotes intestinal tumor growth by altering the expression of tumor suppressing and DNA repair genes.,0.023150181000346493,1.0,1.0,1.0,1.0,1.0,1.0,1.0,1.0,1.0,1.0,1.0,1.0,1.0,1.0,1.0,1.0
SciFact,BM25,911,PKG-la plays an essential role in expression of pain hypersensitivity in PGK-la knockout mice.,0.021416867999505484,1.0,1.0,1.0,1.0,1.0,1.0,1.0,1.0,1.0,1.0,1.0,1.0,1.0,1.0,1.0,1.0
SciFact,BM25,913,PPAR-RXRs are inhibited by PPAR ligands.,0.009194878000016615,0.0,0.0,0.0,0.0,0.0,0.0,0.0,0.0,0.0,0.0,0.0,0.0,0.0,0.0,0.0,0.0
SciFact,BM25,914,PPAR-RXRs can be activated by PPAR ligands.,0.010520616999201593,0.0,0.0,0.0,0.0,0.0,0.0,0.0,0.0,0.0,0.0,0.0,0.0,0.0,0.0,0.0,0.0
SciFact,BM25,921,Participating in six months of physical activity improves cognitive functioning.,0.016114533000290976,0.6309297535714575,0.5,1.0,0.5,0.6309297535714575,0.5,1.0,0.5,0.6309297535714575,0.5,1.0,0.5,0.6309297535714575,0.5,1.0,0.5
SciFact,BM25,922,Patients in stable partnerships have a faster progression from HIV to AIDS.,0.016940298000008625,1.0,1.0,1.0,1.0,1.0,1.0,1.0,1.0,1.0,1.0,1.0,1.0,1.0,1.0,1.0,1.0
SciFact,BM25,936,Peroxynitrite is required for nitration of TCR/CD8.,0.013169651999305643,1.0,1.0,1.0,1.0,1.0,1.0,1.0,1.0,1.0,1.0,1.0,1.0,1.0,1.0,1.0,1.0
SciFact,BM25,956,Pleiotropic coupling of GLP-1R to intracellular effectors promotes distinct profiles of cellular signaling.,0.021690473000489874,0.5,0.3333333333333333,1.0,0.3333333333333333,0.5,0.3333333333333333,1.0,0.3333333333333333,0.5,0.3333333333333333,1.0,0.3333333333333333,0.5,0.3333333333333333,1.0,0.3333333333333333
SciFact,BM25,957,Podocytes are motile and migrate in the presence of injury.,0.015006124999672465,0.6309297535714575,0.5,1.0,0.5,0.6309297535714575,0.5,1.0,0.5,0.6309297535714575,0.5,1.0,0.5,0.6309297535714575,0.5,1.0,0.5
SciFact,BM25,960,Polymeal nutrition reduces cardiovascular mortality.,0.006972576999942248,1.0,1.0,1.0,1.0,1.0,1.0,1.0,1.0,1.0,1.0,1.0,1.0,1.0,1.0,1.0,1.0
SciFact,BM25,967,Pretreatment with the Arp2/3 inhibitor CK-666 affects lamelliopodia formation.,0.014943162000236043,0.9197207891481876,1.0,1.0,0.8333333333333333,0.9197207891481876,1.0,1.0,0.8333333333333333,0.9197207891481876,1.0,1.0,0.8333333333333333,0.9197207891481876,1.0,1.0,0.8333333333333333
SciFact,BM25,971,Primary cervical cancer screening with HPV detection has higher longitudinal sensitivity than conventional cytology to detect cervical intraepithelial neoplasia grade 2.,0.030661906999739585,0.5143371794949736,0.3333333333333333,0.75,0.3583333333333333,0.6444638628256741,0.3333333333333333,1.0,0.5011904761904762,0.6444638628256741,0.3333333333333333,1.0,0.5011904761904762,0.6444638628256741,0.3333333333333333,1.0,0.5011904761904762
SciFact,BM25,975,Primary pro-inflammatory cytokines induce secondary pro- and anti-inflammatory mediators.,0.015249125000082131,0.0,0.0,0.0,0.0,0.0,0.0,0.0,0.0,0.0,0.0,0.0,0.0,0.0,0.0,0.0,0.0
SciFact,BM25,982,Proteins synthesized at the growth cone are ubiquitinated at a higher rate than proteins from the cell body.,0.025860109999484848,1.0,1.0,1.0,1.0,1.0,1.0,1.0,1.0,1.0,1.0,1.0,1.0,1.0,1.0,1.0,1.0
SciFact,BM25,985,Pseudogene PTENP1 regulates the expression of PTEN by functioning as an miRNA decoy.,0.01838012799998978,1.0,1.0,1.0,1.0,1.0,1.0,1.0,1.0,1.0,1.0,1.0,1.0,1.0,1.0,1.0,1.0
SciFact,BM25,993,Pyridostatin destabilizes the G - quadruplex in the telomeric region.,0.013521565999326413,0.6309297535714575,0.5,1.0,0.5,0.6309297535714575,0.5,1.0,0.5,0.6309297535714575,0.5,1.0,0.5,0.6309297535714575,0.5,1.0,0.5
SciFact,BM25,1012,Radioiodine treatment of non-toxic multinodular goitre reduces thyroid volume.,0.013788672999908158,1.0,1.0,1.0,1.0,1.0,1.0,1.0,1.0,1.0,1.0,1.0,1.0,1.0,1.0,1.0,1.0
SciFact,BM25,1014,Rapamycin decreases the concentration of triacylglycerols in fruit flies.,0.01399256799959403,1.0,1.0,1.0,1.0,1.0,1.0,1.0,1.0,1.0,1.0,1.0,1.0,1.0,1.0,1.0,1.0
SciFact,BM25,1019,Rapid phosphotransfer rates govern fidelity in two component systems,0.012259917999472236,0.6309297535714575,0.5,1.0,0.5,0.6309297535714575,0.5,1.0,0.5,0.6309297535714575,0.5,1.0,0.5,0.6309297535714575,0.5,1.0,0.5
SciFact,BM25,1020,Rapid up-regulation and higher basal expression of interferon-induced genes increase survival of granule cell neurons that are infected by West Nile virus.,0.03421544899993023,0.5,0.3333333333333333,1.0,0.3333333333333333,0.5,0.3333333333333333,1.0,0.3333333333333333,0.5,0.3333333333333333,1.0,0.3333333333333333,0.5,0.3333333333333333,1.0,0.3333333333333333
SciFact,BM25,1021,Rapid up-regulation and higher basal expression of interferon-induced genes reduce survival of granule cell neurons that are infected by West Nile virus.,0.03129801899922313,0.5,0.3333333333333333,1.0,0.3333333333333333,0.5,0.3333333333333333,1.0,0.3333333333333333,0.5,0.3333333333333333,1.0,0.3333333333333333,0.5,0.3333333333333333,1.0,0.3333333333333333
SciFact,BM25,1024,Recurrent mutations occur frequently within CTCF anchor sites adjacent to oncogenes.,0.014006508999955258,1.0,1.0,1.0,1.0,1.0,1.0,1.0,1.0,1.0,1.0,1.0,1.0,1.0,1.0,1.0,1.0
SciFact,BM25,1029,Reduced responsiveness to interleukin-2 in regulatory T cells is associated with greater resistance to autoimmune diseases such as Type 1 Diabetes.,0.030983322999418306,0.7653606369886217,1.0,0.6666666666666666,0.6666666666666666,0.7653606369886217,1.0,0.6666666666666666,0.6666666666666666,0.7653606369886217,1.0,0.6666666666666666,0.6666666666666666,0.7653606369886217,1.0,0.6666666666666666,0.6666666666666666
SciFact,BM25,1041,Replacement of histone H2A with H2A.Z slows gene activation in yeasts by stabilizing +1 nucleosomes.,0.026294862999748148,0.2640681225725909,0.25,0.5,0.125,0.44130740935663865,0.25,1.0,0.225,0.44130740935663865,0.25,1.0,0.225,0.44130740935663865,0.25,1.0,0.225
SciFact,BM25,1049,Ribosomopathies have a low degree of cell and tissue specific pathology.,0.015700883000135946,0.0,0.0,0.0,0.0,0.0,0.0,0.0,0.0,0.0,0.0,0.0,0.0,0.0,0.0,0.0,0.0
SciFact,BM25,1062,S-nitrosylated GAPDH physiologically transnitrosylates histone deacetylases.,0.009733817999403982,1.0,1.0,1.0,1.0,1.0,1.0,1.0,1.0,1.0,1.0,1.0,1.0,1.0,1.0,1.0,1.0
SciFact,BM25,1086,Sildenafil improves erectile function in men who experience sexual dysfunction as a result of the use of SSRI antidepressants.,0.025913595000019995,1.0,1.0,1.0,1.0,1.0,1.0,1.0,1.0,1.0,1.0,1.0,1.0,1.0,1.0,1.0,1.0
SciFact,BM25,1088,Silencing of Bcl2 is important for the maintenance and progression of tumors.,0.017504326000562287,0.0,0.0,0.0,0.0,0.0,0.0,0.0,0.0,0.0,0.0,0.0,0.0,0.0,0.0,0.0,0.0
SciFact,BM25,1089,Smc5/6 engagment drives the activation of SUMO E3 ligase Mms21 by ATP-dependent remolding.,0.020768684000358917,1.0,1.0,1.0,1.0,1.0,1.0,1.0,1.0,1.0,1.0,1.0,1.0,1.0,1.0,1.0,1.0
SciFact,BM25,1099,Statins decrease blood cholesterol.,0.007519503999901644,0.5,0.3333333333333333,1.0,0.3333333333333333,0.5,0.3333333333333333,1.0,0.3333333333333333,0.5,0.3333333333333333,1.0,0.3333333333333333,0.5,0.3333333333333333,1.0,0.3333333333333333
SciFact,BM25,1100,Statins increase blood cholesterol.,0.006612739999582118,0.6309297535714575,0.5,1.0,0.5,0.6309297535714575,0.5,1.0,0.5,0.6309297535714575,0.5,1.0,0.5,0.6309297535714575,0.5,1.0,0.5
SciFact,BM25,1104,Stroke patients with prior use of direct oral anticoagulants have a lower risk of in-hospital mortality than stroke patients with prior use of warfarin.,0.037009512000622635,1.0,1.0,1.0,1.0,1.0,1.0,1.0,1.0,1.0,1.0,1.0,1.0,1.0,1.0,1.0,1.0
SciFact,BM25,1107,Subcutaneous fat depots undergo extensive browning processes after cold exposure.,0.014823663999777636,1.0,1.0,1.0,1.0,1.0,1.0,1.0,1.0,1.0,1.0,1.0,1.0,1.0,1.0,1.0,1.0
SciFact,BM25,1110,Suboptimal nutrition is not predictive of chronic disease,0.012483264000366034,0.0,0.0,0.0,0.0,0.0,0.0,0.0,0.0,0.0,0.0,0.0,0.0,0.0,0.0,0.0,0.0
SciFact,BM25,1121,Synaptic activity enhances local release of brain derived neurotrophic factor from postsynaptic dendrites.,0.019771103000493895,0.6309297535714575,0.5,1.0,0.5,0.6309297535714575,0.5,1.0,0.5,0.6309297535714575,0.5,1.0,0.5,0.6309297535714575,0.5,1.0,0.5
SciFact,BM25,1130,T regulatory cells (tTregs) lacking αvβ8 are more adept at suppressing pathogenic T-cell responses during active inflammation.,0.02656047199980094,1.0,1.0,1.0,1.0,1.0,1.0,1.0,1.0,1.0,1.0,1.0,1.0,1.0,1.0,1.0,1.0
SciFact,BM25,1132,TCR/CD3 microdomains are a required to induce the immunologic synapse to activate T cells.,0.02595714000017324,0.23719771276929622,0.2,0.5,0.1,0.23719771276929622,0.2,0.5,0.1,0.23719771276929622,0.2,0.5,0.1,0.23719771276929622,0.2,0.5,0.1
SciFact,BM25,1137,TNFAIP3 is a tumor suppressor in glioblastoma.,0.013907982999626256,1.0,1.0,1.0,1.0,1.0,1.0,1.0,1.0,1.0,1.0,1.0,1.0,1.0,1.0,1.0,1.0
SciFact,BM25,1140,Taking 400mg of α-tocopheryl acetate helps to prevent prostate cancer.,0.019226809999963734,0.0,0.0,0.0,0.0,0.0,0.0,0.0,0.0,0.26264953503719357,0.07692307692307693,1.0,0.07692307692307693,0.0,0.0,0.0,0.0
SciFact,BM25,1144,Taxation of sugar-sweetened beverages had no effect on the incidence rate of type II diabetes in India.,0.026324006999857374,1.0,1.0,1.0,1.0,1.0,1.0,1.0,1.0,1.0,1.0,1.0,1.0,1.0,1.0,1.0,1.0
SciFact,BM25,1146,Teaching hospitals do not provide better care than non-teaching hospitals.,0.016041230000155338,1.0,1.0,1.0,1.0,1.0,1.0,1.0,1.0,1.0,1.0,1.0,1.0,1.0,1.0,1.0,1.0
SciFact,BM25,1150,Tetraspanin-3 is a causative factor in the development of acute myelogenous leukemia,0.019015685000340454,1.0,1.0,1.0,1.0,1.0,1.0,1.0,1.0,1.0,1.0,1.0,1.0,1.0,1.0,1.0,1.0
SciFact,BM25,1163,The DdrB protein from Deinococcus radiodurans is an alternative SSB.,0.01928678799959016,1.0,1.0,1.0,1.0,1.0,1.0,1.0,1.0,1.0,1.0,1.0,1.0,1.0,1.0,1.0,1.0
SciFact,BM25,1175,The PPR MDA5 has two N-terminal CARD domains.,0.013055251999503525,0.0,0.0,0.0,0.0,0.0,0.0,0.0,0.0,0.0,0.0,0.0,0.0,0.0,0.0,0.0,0.0
SciFact,BM25,1179,The PRR MDA5 has a central DExD/H RNA helices domain.,0.014628128999902401,0.0,0.0,0.0,0.0,0.3010299956639812,0.1111111111111111,1.0,0.1111111111111111,0.3010299956639812,0.1111111111111111,1.0,0.1111111111111111,0.3010299956639812,0.1111111111111111,1.0,0.1111111111111111
SciFact,BM25,1180,The PRR MDA5 is a sensor of RNA virus infection.,0.01348768600018957,0.43067655807339306,0.25,1.0,0.25,0.43067655807339306,0.25,1.0,0.25,0.43067655807339306,0.25,1.0,0.25,0.43067655807339306,0.25,1.0,0.25
SciFact,BM25,1185,The US health care system can save up to $750 million if 7% of patients waiting for kidney transplants participate in the optimized national kidney paired donation program.,0.037871879999329394,1.0,1.0,1.0,1.0,1.0,1.0,1.0,1.0,1.0,1.0,1.0,1.0,1.0,1.0,1.0,1.0
SciFact,BM25,1187,The YAP1 and TEAD complex tanslocates into the nucleus where it interacts with transcription factors and DNA-binding proteins that modulate target gene transcription.,0.034377199999653385,1.0,1.0,1.0,1.0,1.0,1.0,1.0,1.0,1.0,1.0,1.0,1.0,1.0,1.0,1.0,1.0
SciFact,BM25,1191,The amount of publicly available DNA data doubles every 10 years.,0.01722055500067654,0.0,0.0,0.0,0.0,0.0,0.0,0.0,0.0,0.0,0.0,0.0,0.0,0.0,0.0,0.0,0.0
SciFact,BM25,1194,The arm density of TatAd complexes is due to structural rearrangements within Class1 TatAd complexes such as the 'charge zipper mechanism'.,0.028009397000460012,0.0,0.0,0.0,0.0,0.31546487678572877,0.125,1.0,0.125,0.31546487678572877,0.125,1.0,0.125,0.31546487678572877,0.125,1.0,0.125
SciFact,BM25,1196,The availability of safe places to study is effective at decreasing homelessness.,0.016375112999412522,0.0,0.0,0.0,0.0,0.0,0.0,0.0,0.0,0.0,0.0,0.0,0.0,0.0,0.0,0.0,0.0
SciFact,BM25,1197,The availability of safe places to study is not effective at decreasing homelessness.,0.016672918999574904,0.0,0.0,0.0,0.0,0.0,0.0,0.0,0.0,0.0,0.0,0.0,0.0,0.0,0.0,0.0,0.0
SciFact,BM25,1199,The benefits of colchicine were achieved with effective widespread use of secondary prevention strategies such as high-dose statins.,0.025501418999738235,0.0,0.0,0.0,0.0,0.0,0.0,0.0,0.0,0.0,0.0,0.0,0.0,0.0,0.0,0.0,0.0
SciFact,BM25,1200,The binding orientation of the ML-SA1 activator at hTRPML2 is different from the binding orientation of the ML-SA1 activator at hTRPML1.,0.03173565700035397,0.0,0.0,0.0,0.0,0.0,0.0,0.0,0.0,0.0,0.0,0.0,0.0,0.0,0.0,0.0,0.0
SciFact,BM25,1202,The center of the granuloma in an immune cell induces a pro-inflammatory immune response.,0.020272138000109408,1.0,1.0,1.0,1.0,1.0,1.0,1.0,1.0,1.0,1.0,1.0,1.0,1.0,1.0,1.0,1.0
SciFact,BM25,1204,The combination of H3K4me3 and H3K79me2 is found in quiescent hair follicle stem cells.,0.018718250999882002,1.0,1.0,1.0,1.0,1.0,1.0,1.0,1.0,1.0,1.0,1.0,1.0,1.0,1.0,1.0,1.0
SciFact,BM25,1207,The composition of myosin-II isoform switches from the polarizable B isoform to the more homogenous A isoform during hematopoietic differentiation.,0.031161111000074015,0.43067655807339306,0.25,1.0,0.25,0.43067655807339306,0.25,1.0,0.25,0.43067655807339306,0.25,1.0,0.25,0.43067655807339306,0.25,1.0,0.25
SciFact,BM25,1213,The deregulated and prolonged activation of monocytes has deleterious effects in inflammatory diseases.,0.01737358599984873,0.0,0.0,0.0,0.0,0.0,0.0,0.0,0.0,0.0,0.0,0.0,0.0,0.0,0.0,0.0,0.0
SciFact,BM25,1216,The extracellular domain of TMEM27 is cleaved in human beta cells.,0.017789434999940568,1.0,1.0,1.0,1.0,1.0,1.0,1.0,1.0,1.0,1.0,1.0,1.0,1.0,1.0,1.0,1.0
SciFact,BM25,1221,The genomic aberrations found in matasteses are very similar to those found in the primary tumor.,0.021868548999918858,0.0,0.0,0.0,0.0,0.0,0.0,0.0,0.0,0.0,0.0,0.0,0.0,0.0,0.0,0.0,0.0
SciFact,BM25,1225,The locus rs647161 is associated with colorectal carcinoma.,0.01146831700043549,1.0,1.0,1.0,1.0,1.0,1.0,1.0,1.0,1.0,1.0,1.0,1.0,1.0,1.0,1.0,1.0
SciFact,BM25,1226,"The loss of the TET protein functions may have dire biological consequences, such as myeloid cancers.",0.021593123999991803,0.0,0.0,0.0,0.0,0.0,0.0,0.0,0.0,0.0,0.0,0.0,0.0,0.0,0.0,0.0,0.0
SciFact,BM25,1232,The minor G allele of FOXO3 is related to more severe symptoms of Crohn's Disease.,0.021438600999317714,1.0,1.0,1.0,1.0,1.0,1.0,1.0,1.0,1.0,1.0,1.0,1.0,1.0,1.0,1.0,1.0
SciFact,BM25,1241,The myocardial lineage develops from cardiac progenitors of mesodermal origin.,0.01311805200020899,0.0,0.0,0.0,0.0,0.0,0.0,0.0,0.0,0.0,0.0,0.0,0.0,0.0,0.0,0.0,0.0
SciFact,BM25,1245,The one-child policy has been successful in lowering population growth.,0.019026107000172487,0.0,0.0,0.0,0.0,0.31546487678572877,0.125,1.0,0.125,0.31546487678572877,0.125,1.0,0.125,0.31546487678572877,0.125,1.0,0.125
SciFact,BM25,1259,The relationship between a breast cancer patient's capacity to metabolize tamoxifen and treatment outcome is dependent on the patient's genetic make-up.,0.033800635000261536,0.6309297535714575,0.5,1.0,0.5,0.6309297535714575,0.5,1.0,0.5,0.6309297535714575,0.5,1.0,0.5,0.6309297535714575,0.5,1.0,0.5
SciFact,BM25,1262,The repair of Cas9-induced double strand breaks in human DNA is error-prone.,0.019974223000644997,1.0,1.0,1.0,1.0,1.0,1.0,1.0,1.0,1.0,1.0,1.0,1.0,1.0,1.0,1.0,1.0
SciFact,BM25,1266,"The risk of breast cancer among parous women increases with placental weight of pregnancies, and this association is strongest for premenopausal breast cancer.",0.03247489100067469,0.5,0.3333333333333333,1.0,0.3333333333333333,0.5,0.3333333333333333,1.0,0.3333333333333333,0.5,0.3333333333333333,1.0,0.3333333333333333,0.5,0.3333333333333333,1.0,0.3333333333333333
SciFact,BM25,1270,The risk of male prisoners harming themselves is ten times that of female prisoners.,0.018949377999888384,1.0,1.0,1.0,1.0,1.0,1.0,1.0,1.0,1.0,1.0,1.0,1.0,1.0,1.0,1.0,1.0
SciFact,BM25,1271,The severity of cardiac involvement in amyloidosis can be described by the degree of transmurality of late gadolinium enhancement in MRI.,0.03173557899935986,1.0,1.0,1.0,1.0,1.0,1.0,1.0,1.0,1.0,1.0,1.0,1.0,1.0,1.0,1.0,1.0
SciFact,BM25,1272,The single flash-evoked ERG b-wave is generated by activity of ON-bipolar cells.,0.020981728000151634,0.5,0.3333333333333333,1.0,0.3333333333333333,0.5,0.3333333333333333,1.0,0.3333333333333333,0.5,0.3333333333333333,1.0,0.3333333333333333,0.5,0.3333333333333333,1.0,0.3333333333333333
SciFact,BM25,1273,The sliding activity of kinesin-8 protein Kip3 promotes bipolar spindle assembly.,0.01592770700062829,1.0,1.0,1.0,1.0,1.0,1.0,1.0,1.0,1.0,1.0,1.0,1.0,1.0,1.0,1.0,1.0
SciFact,BM25,1274,The tip of the inner tube of the toxic type VI secretion system (T6SS) antibacterial effector in Escherichia coli (E. coli) carries toxic effector proteins.,0.03196587900038139,0.4776237035032179,0.5,0.6666666666666666,0.3,0.6447841584694202,0.5,1.0,0.4666666666666666,0.6447841584694202,0.5,1.0,0.4666666666666666,0.6447841584694202,0.5,1.0,0.4666666666666666
SciFact,BM25,1278,The treatment of cancer patients with co-IR blockade does not cause any adverse autoimmune events.,0.02125937900018471,0.0,0.0,0.0,0.0,0.0,0.0,0.0,0.0,0.0,0.0,0.0,0.0,0.0,0.0,0.0,0.0
SciFact,BM25,1279,The treatment of cancer patients with co-IR blockade precipitates adverse autoimmune events.,0.019905196999388863,0.0,0.0,0.0,0.0,0.0,0.0,0.0,0.0,0.0,0.0,0.0,0.0,0.0,0.0,0.0,0.0
SciFact,BM25,1280,"The ureABIEFGH gene cluster encodes urease maturation proteins : UreD/UreH, UreE, UreF, and UreG.",0.01834844399945723,0.0,0.0,0.0,0.0,0.0,0.0,0.0,0.0,0.23137821315975915,0.05263157894736842,1.0,0.05263157894736842,0.0,0.0,0.0,0.0
SciFact,BM25,1281,The ureABIEFGH gene cluster is induced by nickel (II) ion.,0.014099146000262408,0.0,0.0,0.0,0.0,0.0,0.0,0.0,0.0,0.0,0.0,0.0,0.0,0.0,0.0,0.0,0.0
SciFact,BM25,1282,Therapeutic use of the drug Dapsone to treat pyoderma gangrenous is based on anecdotal evidence.,0.02035238699954789,1.0,1.0,1.0,1.0,1.0,1.0,1.0,1.0,1.0,1.0,1.0,1.0,1.0,1.0,1.0,1.0
SciFact,BM25,1290,There is an inverse relationship between hip fractures and statin use.,0.015437924000252679,1.0,1.0,1.0,1.0,1.0,1.0,1.0,1.0,1.0,1.0,1.0,1.0,1.0,1.0,1.0,1.0
SciFact,BM25,1292,There is no association between HNF4A mutations and diabetes risks.,0.017232146999958786,1.0,1.0,1.0,1.0,1.0,1.0,1.0,1.0,1.0,1.0,1.0,1.0,1.0,1.0,1.0,1.0
SciFact,BM25,1298,Thigh-length graduated compression stockings (GCS) did not reduce deep vein thrombosis in patients admitted to hospital who are immobile because of acute stroke.,0.03883675199995196,1.0,1.0,1.0,1.0,1.0,1.0,1.0,1.0,1.0,1.0,1.0,1.0,1.0,1.0,1.0,1.0
SciFact,BM25,1303,Tirasemtiv has no effect on fast-twitch muscle.,0.011640124000223295,1.0,1.0,1.0,1.0,1.0,1.0,1.0,1.0,1.0,1.0,1.0,1.0,1.0,1.0,1.0,1.0
SciFact,BM25,1316,Transferred UCB T cells acquire a memory-like phenotype in recipients.,0.014986949000558525,0.0,0.0,0.0,0.0,0.0,0.0,0.0,0.0,0.0,0.0,0.0,0.0,0.0,0.0,0.0,0.0
SciFact,BM25,1319,Transplanted human glial cells can differentiate within the host animal.,0.014096473000790866,0.43067655807339306,0.25,1.0,0.25,0.43067655807339306,0.25,1.0,0.25,0.43067655807339306,0.25,1.0,0.25,0.43067655807339306,0.25,1.0,0.25
SciFact,BM25,1320,Transplanted human glial progenitor cells are incapable of forming a neural network with host animals' neurons.,0.022222616999897582,1.0,1.0,1.0,1.0,1.0,1.0,1.0,1.0,1.0,1.0,1.0,1.0,1.0,1.0,1.0,1.0
SciFact,BM25,1332,Tumor necrosis factor alpha (TNF-α) and interleukin-1 (IL-1) are pro-inflammatory cytokines that inhibit IL-6 and IL-10.,0.043466522000016994,0.0,0.0,0.0,0.0,0.0,0.0,0.0,0.0,0.0,0.0,0.0,0.0,0.0,0.0,0.0,0.0
SciFact,BM25,1335,UCB T cells maintain high TCR diversity after transplantation.,0.012412690999553888,1.0,1.0,1.0,1.0,1.0,1.0,1.0,1.0,1.0,1.0,1.0,1.0,1.0,1.0,1.0,1.0
SciFact,BM25,1336,UCB T cells reduce TCR diversity after transplantation.,0.009850281000581163,1.0,1.0,1.0,1.0,1.0,1.0,1.0,1.0,1.0,1.0,1.0,1.0,1.0,1.0,1.0,1.0
SciFact,BM25,1337,Ubiquitin ligase UBC13 generates a K63-linked polyubiquitin moiety at PCNA K164.,0.015728218999356613,1.0,1.0,1.0,1.0,1.0,1.0,1.0,1.0,1.0,1.0,1.0,1.0,1.0,1.0,1.0,1.0
SciFact,BM25,1339,Ultrasound guidance significantly raises the number of traumatic procedures when attempting needle insertion.,0.018239576000269153,1.0,1.0,1.0,1.0,1.0,1.0,1.0,1.0,1.0,1.0,1.0,1.0,1.0,1.0,1.0,1.0
SciFact,BM25,1344,Up-regulation of the p53 pathway and related molecular events casues cancer resistance and results in a significantly shortened lifespan marked by senescent cells and accelerated organismal aging.,0.042192916000203695,0.6309297535714575,0.5,1.0,0.5,0.6309297535714575,0.5,1.0,0.5,0.6309297535714575,0.5,1.0,0.5,0.6309297535714575,0.5,1.0,0.5
SciFact,BM25,1352,Upregulation of mosGCTL-1 is induced upon infection with West Nile virus.,0.016832512999826577,1.0,1.0,1.0,1.0,1.0,1.0,1.0,1.0,1.0,1.0,1.0,1.0,1.0,1.0,1.0,1.0
SciFact,BM25,1359,Varenicline monotherapy is more effective after 12 weeks of treatment compared to combination nicotine replacement therapies with varenicline or bupropion.,0.02795974499986187,1.0,1.0,1.0,1.0,1.0,1.0,1.0,1.0,1.0,1.0,1.0,1.0,1.0,1.0,1.0,1.0
SciFact,BM25,1362,Venules have a larger lumen diameter than arterioles.,0.011487779000162845,0.5,0.3333333333333333,1.0,0.3333333333333333,0.5,0.3333333333333333,1.0,0.3333333333333333,0.5,0.3333333333333333,1.0,0.3333333333333333,0.5,0.3333333333333333,1.0,0.3333333333333333
SciFact,BM25,1363,Venules have a thinner or absent smooth layer compared to arterioles.,0.015086696000253141,1.0,1.0,1.0,1.0,1.0,1.0,1.0,1.0,1.0,1.0,1.0,1.0,1.0,1.0,1.0,1.0
SciFact,BM25,1368,Vitamin D deficiency effects the term of delivery.,0.013577660999544605,0.0,0.0,0.0,0.0,0.0,0.0,0.0,0.0,0.23137821315975915,0.05263157894736842,1.0,0.05263157894736842,0.0,0.0,0.0,0.0
SciFact,BM25,1370,Vitamin D deficiency is unrelated to birth weight.,0.010829665000528621,0.38685280723454163,0.2,1.0,0.2,0.38685280723454163,0.2,1.0,0.2,0.38685280723454163,0.2,1.0,0.2,0.38685280723454163,0.2,1.0,0.2
SciFact,BM25,1379,Women with a higher birth weight are more likely to develop breast cancer later in life.,0.02286263199948735,0.19519002499605084,0.3333333333333333,0.25,0.08333333333333333,0.33424620450682646,0.3333333333333333,0.5,0.16666666666666666,0.33424620450682646,0.3333333333333333,0.5,0.16666666666666666,0.33424620450682646,0.3333333333333333,0.5,0.16666666666666666
SciFact,BM25,1382,aPKCz causes tumour enhancement by affecting glutamine metabolism.,0.010658105999937106,0.0,0.0,0.0,0.0,0.0,0.0,0.0,0.0,0.25,0.06666666666666667,1.0,0.06666666666666667,0.0,0.0,0.0,0.0
SciFact,BM25,1385,cSMAC formation enhances weak ligand signalling.,0.00866537599995354,1.0,1.0,1.0,1.0,1.0,1.0,1.0,1.0,1.0,1.0,1.0,1.0,1.0,1.0,1.0,1.0
SciFact,BM25,1389,mTORC2 regulates intracellular cysteine levels through xCT inhibition.,0.010953675000564544,1.0,1.0,1.0,1.0,1.0,1.0,1.0,1.0,1.0,1.0,1.0,1.0,1.0,1.0,1.0,1.0
SciFact,BM25,1395,p16INK4A accumulation is  linked to an abnormal wound response caused by the microinvasive step of advanced Oral Potentially Malignant Lesions (OPMLs).,0.03017324899974483,0.0,0.0,0.0,0.0,0.0,0.0,0.0,0.0,0.0,0.0,0.0,0.0,0.0,0.0,0.0,0.0
